data,valor,serie,fonte,codigo,ajuste_sazonal,variavel,base
2002-01-01,7239269,Brasil - Produção industrial - Não ajustada sazonalmente,IBGE/SIDRA,8159,Não ajustada sazonalmente,PIMPF - Número-índice (2012=100),Brasil - Produção industrial por setores
2002-02-01,6971441,Brasil - Produção industrial - Não ajustada sazonalmente,IBGE/SIDRA,8159,Não ajustada sazonalmente,PIMPF - Número-índice (2012=100),Brasil - Produção industrial por setores
2002-03-01,7739979,Brasil - Produção industrial - Não ajustada sazonalmente,IBGE/SIDRA,8159,Não ajustada sazonalmente,PIMPF - Número-índice (2012=100),Brasil - Produção industrial por setores
2002-04-01,7959671,Brasil - Produção industrial - Não ajustada sazonalmente,IBGE/SIDRA,8159,Não ajustada sazonalmente,PIMPF - Número-índice (2012=100),Brasil - Produção industrial por setores
2002-05-01,8044721,Brasil - Produção industrial - Não ajustada sazonalmente,IBGE/SIDRA,8159,Não ajustada sazonalmente,PIMPF - Número-índice (2012=100),Brasil - Produção industrial por setores
2002-06-01,7749757,Brasil - Produção industrial - Não ajustada sazonalmente,IBGE/SIDRA,8159,Não ajustada sazonalmente,PIMPF - Número-índice (2012=100),Brasil - Produção industrial por setores
2002-07-01,8326465,Brasil - Produção industrial - Não ajustada sazonalmente,IBGE/SIDRA,8159,Não ajustada sazonalmente,PIMPF - Número-índice (2012=100),Brasil - Produção industrial por setores
2002-08-01,8358971,Brasil - Produção industrial - Não ajustada sazonalmente,IBGE/SIDRA,8159,Não ajustada sazonalmente,PIMPF - Número-índice (2012=100),Brasil - Produção industrial por setores
2002-09-01,8211028,Brasil - Produção industrial - Não ajustada sazonalmente,IBGE/SIDRA,8159,Não ajustada sazonalmente,PIMPF - Número-índice (2012=100),Brasil - Produção industrial por setores
2002-10-01,8917857,Brasil - Produção industrial - Não ajustada sazonalmente,IBGE/SIDRA,8159,Não ajustada sazonalmente,PIMPF - Número-índice (2012=100),Brasil - Produção industrial por setores
2002-11-01,8389029,Brasil - Produção industrial - Não ajustada sazonalmente,IBGE/SIDRA,8159,Não ajustada sazonalmente,PIMPF - Número-índice (2012=100),Brasil - Produção industrial por setores
2002-12-01,7461271,Brasil - Produção industrial - Não ajustada sazonalmente,IBGE/SIDRA,8159,Não ajustada sazonalmente,PIMPF - Número-índice (2012=100),Brasil - Produção industrial por setores
2003-01-01,7398043,Brasil - Produção industrial - Não ajustada sazonalmente,IBGE/SIDRA,8159,Não ajustada sazonalmente,PIMPF - Número-índice (2012=100),Brasil - Produção industrial por setores
2003-02-01,7178186,Brasil - Produção industrial - Não ajustada sazonalmente,IBGE/SIDRA,8159,Não ajustada sazonalmente,PIMPF - Número-índice (2012=100),Brasil - Produção industrial por setores
2003-03-01,7741394,Brasil - Produção industrial - Não ajustada sazonalmente,IBGE/SIDRA,8159,Não ajustada sazonalmente,PIMPF - Número-índice (2012=100),Brasil - Produção industrial por setores
2003-04-01,7652576,Brasil - Produção industrial - Não ajustada sazonalmente,IBGE/SIDRA,8159,Não ajustada sazonalmente,PIMPF - Número-índice (2012=100),Brasil - Produção industrial por setores
2003-05-01,7968128,Brasil - Produção industrial - Não ajustada sazonalmente,IBGE/SIDRA,8159,Não ajustada sazonalmente,PIMPF - Número-índice (2012=100),Brasil - Produção industrial por setores
2003-06-01,7629354,Brasil - Produção industrial - Não ajustada sazonalmente,IBGE/SIDRA,8159,Não ajustada sazonalmente,PIMPF - Número-índice (2012=100),Brasil - Produção industrial por setores
2003-07-01,8134515,Brasil - Produção industrial - Não ajustada sazonalmente,IBGE/SIDRA,8159,Não ajustada sazonalmente,PIMPF - Número-índice (2012=100),Brasil - Produção industrial por setores
2003-08-01,8163758,Brasil - Produção industrial - Não ajustada sazonalmente,IBGE/SIDRA,8159,Não ajustada sazonalmente,PIMPF - Número-índice (2012=100),Brasil - Produção industrial por setores
2003-09-01,8565193,Brasil - Produção industrial - Não ajustada sazonalmente,IBGE/SIDRA,8159,Não ajustada sazonalmente,PIMPF - Número-índice (2012=100),Brasil - Produção industrial por setores
2003-10-01,8999382,Brasil - Produção industrial - Não ajustada sazonalmente,IBGE/SIDRA,8159,Não ajustada sazonalmente,PIMPF - Número-índice (2012=100),Brasil - Produção industrial por setores
2003-11-01,8459253,Brasil - Produção industrial - Não ajustada sazonalmente,IBGE/SIDRA,8159,Não ajustada sazonalmente,PIMPF - Número-índice (2012=100),Brasil - Produção industrial por setores
2003-12-01,7787148,Brasil - Produção industrial - Não ajustada sazonalmente,IBGE/SIDRA,8159,Não ajustada sazonalmente,PIMPF - Número-índice (2012=100),Brasil - Produção industrial por setores
2004-01-01,7679072,Brasil - Produção industrial - Não ajustada sazonalmente,IBGE/SIDRA,8159,Não ajustada sazonalmente,PIMPF - Número-índice (2012=100),Brasil - Produção industrial por setores
2004-02-01,7403381,Brasil - Produção industrial - Não ajustada sazonalmente,IBGE/SIDRA,8159,Não ajustada sazonalmente,PIMPF - Número-índice (2012=100),Brasil - Produção industrial por setores
2004-03-01,8692685,Brasil - Produção industrial - Não ajustada sazonalmente,IBGE/SIDRA,8159,Não ajustada sazonalmente,PIMPF - Número-índice (2012=100),Brasil - Produção industrial por setores
2004-04-01,8219893,Brasil - Produção industrial - Não ajustada sazonalmente,IBGE/SIDRA,8159,Não ajustada sazonalmente,PIMPF - Número-índice (2012=100),Brasil - Produção industrial por setores
2004-05-01,8633377,Brasil - Produção industrial - Não ajustada sazonalmente,IBGE/SIDRA,8159,Não ajustada sazonalmente,PIMPF - Número-índice (2012=100),Brasil - Produção industrial por setores
2004-06-01,8612739,Brasil - Produção industrial - Não ajustada sazonalmente,IBGE/SIDRA,8159,Não ajustada sazonalmente,PIMPF - Número-índice (2012=100),Brasil - Produção industrial por setores
2004-07-01,9009002,Brasil - Produção industrial - Não ajustada sazonalmente,IBGE/SIDRA,8159,Não ajustada sazonalmente,PIMPF - Número-índice (2012=100),Brasil - Produção industrial por setores
2004-08-01,9214452,Brasil - Produção industrial - Não ajustada sazonalmente,IBGE/SIDRA,8159,Não ajustada sazonalmente,PIMPF - Número-índice (2012=100),Brasil - Produção industrial por setores
2004-09-01,9213270,Brasil - Produção industrial - Não ajustada sazonalmente,IBGE/SIDRA,8159,Não ajustada sazonalmente,PIMPF - Número-índice (2012=100),Brasil - Produção industrial por setores
2004-10-01,9348569,Brasil - Produção industrial - Não ajustada sazonalmente,IBGE/SIDRA,8159,Não ajustada sazonalmente,PIMPF - Número-índice (2012=100),Brasil - Produção industrial por setores
2004-11-01,9179510,Brasil - Produção industrial - Não ajustada sazonalmente,IBGE/SIDRA,8159,Não ajustada sazonalmente,PIMPF - Número-índice (2012=100),Brasil - Produção industrial por setores
2004-12-01,8472790,Brasil - Produção industrial - Não ajustada sazonalmente,IBGE/SIDRA,8159,Não ajustada sazonalmente,PIMPF - Número-índice (2012=100),Brasil - Produção industrial por setores
2005-01-01,8104168,Brasil - Produção industrial - Não ajustada sazonalmente,IBGE/SIDRA,8159,Não ajustada sazonalmente,PIMPF - Número-índice (2012=100),Brasil - Produção industrial por setores
2005-02-01,7638879,Brasil - Produção industrial - Não ajustada sazonalmente,IBGE/SIDRA,8159,Não ajustada sazonalmente,PIMPF - Número-índice (2012=100),Brasil - Produção industrial por setores
2005-03-01,8804301,Brasil - Produção industrial - Não ajustada sazonalmente,IBGE/SIDRA,8159,Não ajustada sazonalmente,PIMPF - Número-índice (2012=100),Brasil - Produção industrial por setores
2005-04-01,8698309,Brasil - Produção industrial - Não ajustada sazonalmente,IBGE/SIDRA,8159,Não ajustada sazonalmente,PIMPF - Número-índice (2012=100),Brasil - Produção industrial por setores
2005-05-01,9110147,Brasil - Produção industrial - Não ajustada sazonalmente,IBGE/SIDRA,8159,Não ajustada sazonalmente,PIMPF - Número-índice (2012=100),Brasil - Produção industrial por setores
2005-06-01,9139158,Brasil - Produção industrial - Não ajustada sazonalmente,IBGE/SIDRA,8159,Não ajustada sazonalmente,PIMPF - Número-índice (2012=100),Brasil - Produção industrial por setores
2005-07-01,9050718,Brasil - Produção industrial - Não ajustada sazonalmente,IBGE/SIDRA,8159,Não ajustada sazonalmente,PIMPF - Número-índice (2012=100),Brasil - Produção industrial por setores
2005-08-01,9559143,Brasil - Produção industrial - Não ajustada sazonalmente,IBGE/SIDRA,8159,Não ajustada sazonalmente,PIMPF - Número-índice (2012=100),Brasil - Produção industrial por setores
2005-09-01,9201793,Brasil - Produção industrial - Não ajustada sazonalmente,IBGE/SIDRA,8159,Não ajustada sazonalmente,PIMPF - Número-índice (2012=100),Brasil - Produção industrial por setores
2005-10-01,9372590,Brasil - Produção industrial - Não ajustada sazonalmente,IBGE/SIDRA,8159,Não ajustada sazonalmente,PIMPF - Número-índice (2012=100),Brasil - Produção industrial por setores
2005-11-01,9240954,Brasil - Produção industrial - Não ajustada sazonalmente,IBGE/SIDRA,8159,Não ajustada sazonalmente,PIMPF - Número-índice (2012=100),Brasil - Produção industrial por setores
2005-12-01,8662109,Brasil - Produção industrial - Não ajustada sazonalmente,IBGE/SIDRA,8159,Não ajustada sazonalmente,PIMPF - Número-índice (2012=100),Brasil - Produção industrial por setores
2006-01-01,8365213,Brasil - Produção industrial - Não ajustada sazonalmente,IBGE/SIDRA,8159,Não ajustada sazonalmente,PIMPF - Número-índice (2012=100),Brasil - Produção industrial por setores
2006-02-01,8020779,Brasil - Produção industrial - Não ajustada sazonalmente,IBGE/SIDRA,8159,Não ajustada sazonalmente,PIMPF - Número-índice (2012=100),Brasil - Produção industrial por setores
2006-03-01,9239900,Brasil - Produção industrial - Não ajustada sazonalmente,IBGE/SIDRA,8159,Não ajustada sazonalmente,PIMPF - Número-índice (2012=100),Brasil - Produção industrial por setores
2006-04-01,8566672,Brasil - Produção industrial - Não ajustada sazonalmente,IBGE/SIDRA,8159,Não ajustada sazonalmente,PIMPF - Número-índice (2012=100),Brasil - Produção industrial por setores
2006-05-01,9535205,Brasil - Produção industrial - Não ajustada sazonalmente,IBGE/SIDRA,8159,Não ajustada sazonalmente,PIMPF - Número-índice (2012=100),Brasil - Produção industrial por setores
2006-06-01,9110090,Brasil - Produção industrial - Não ajustada sazonalmente,IBGE/SIDRA,8159,Não ajustada sazonalmente,PIMPF - Número-índice (2012=100),Brasil - Produção industrial por setores
2006-07-01,9375703,Brasil - Produção industrial - Não ajustada sazonalmente,IBGE/SIDRA,8159,Não ajustada sazonalmente,PIMPF - Número-índice (2012=100),Brasil - Produção industrial por setores
2006-08-01,9856902,Brasil - Produção industrial - Não ajustada sazonalmente,IBGE/SIDRA,8159,Não ajustada sazonalmente,PIMPF - Número-índice (2012=100),Brasil - Produção industrial por setores
2006-09-01,9324271,Brasil - Produção industrial - Não ajustada sazonalmente,IBGE/SIDRA,8159,Não ajustada sazonalmente,PIMPF - Número-índice (2012=100),Brasil - Produção industrial por setores
2006-10-01,9746331,Brasil - Produção industrial - Não ajustada sazonalmente,IBGE/SIDRA,8159,Não ajustada sazonalmente,PIMPF - Número-índice (2012=100),Brasil - Produção industrial por setores
2006-11-01,9585113,Brasil - Produção industrial - Não ajustada sazonalmente,IBGE/SIDRA,8159,Não ajustada sazonalmente,PIMPF - Número-índice (2012=100),Brasil - Produção industrial por setores
2006-12-01,8696881,Brasil - Produção industrial - Não ajustada sazonalmente,IBGE/SIDRA,8159,Não ajustada sazonalmente,PIMPF - Número-índice (2012=100),Brasil - Produção industrial por setores
2007-01-01,8700323,Brasil - Produção industrial - Não ajustada sazonalmente,IBGE/SIDRA,8159,Não ajustada sazonalmente,PIMPF - Número-índice (2012=100),Brasil - Produção industrial por setores
2007-02-01,8257525,Brasil - Produção industrial - Não ajustada sazonalmente,IBGE/SIDRA,8159,Não ajustada sazonalmente,PIMPF - Número-índice (2012=100),Brasil - Produção industrial por setores
2007-03-01,9644413,Brasil - Produção industrial - Não ajustada sazonalmente,IBGE/SIDRA,8159,Não ajustada sazonalmente,PIMPF - Número-índice (2012=100),Brasil - Produção industrial por setores
2007-04-01,9061288,Brasil - Produção industrial - Não ajustada sazonalmente,IBGE/SIDRA,8159,Não ajustada sazonalmente,PIMPF - Número-índice (2012=100),Brasil - Produção industrial por setores
2007-05-01,9989001,Brasil - Produção industrial - Não ajustada sazonalmente,IBGE/SIDRA,8159,Não ajustada sazonalmente,PIMPF - Número-índice (2012=100),Brasil - Produção industrial por setores
2007-06-01,9686738,Brasil - Produção industrial - Não ajustada sazonalmente,IBGE/SIDRA,8159,Não ajustada sazonalmente,PIMPF - Número-índice (2012=100),Brasil - Produção industrial por setores
2007-07-01,9983717,Brasil - Produção industrial - Não ajustada sazonalmente,IBGE/SIDRA,8159,Não ajustada sazonalmente,PIMPF - Número-índice (2012=100),Brasil - Produção industrial por setores
2007-08-01,10493052,Brasil - Produção industrial - Não ajustada sazonalmente,IBGE/SIDRA,8159,Não ajustada sazonalmente,PIMPF - Número-índice (2012=100),Brasil - Produção industrial por setores
2007-09-01,9835279,Brasil - Produção industrial - Não ajustada sazonalmente,IBGE/SIDRA,8159,Não ajustada sazonalmente,PIMPF - Número-índice (2012=100),Brasil - Produção industrial por setores
2007-10-01,10782723,Brasil - Produção industrial - Não ajustada sazonalmente,IBGE/SIDRA,8159,Não ajustada sazonalmente,PIMPF - Número-índice (2012=100),Brasil - Produção industrial por setores
2007-11-01,10240580,Brasil - Produção industrial - Não ajustada sazonalmente,IBGE/SIDRA,8159,Não ajustada sazonalmente,PIMPF - Número-índice (2012=100),Brasil - Produção industrial por setores
2007-12-01,9262514,Brasil - Produção industrial - Não ajustada sazonalmente,IBGE/SIDRA,8159,Não ajustada sazonalmente,PIMPF - Número-índice (2012=100),Brasil - Produção industrial por setores
2008-01-01,9478769,Brasil - Produção industrial - Não ajustada sazonalmente,IBGE/SIDRA,8159,Não ajustada sazonalmente,PIMPF - Número-índice (2012=100),Brasil - Produção industrial por setores
2008-02-01,9107573,Brasil - Produção industrial - Não ajustada sazonalmente,IBGE/SIDRA,8159,Não ajustada sazonalmente,PIMPF - Número-índice (2012=100),Brasil - Produção industrial por setores
2008-03-01,9774228,Brasil - Produção industrial - Não ajustada sazonalmente,IBGE/SIDRA,8159,Não ajustada sazonalmente,PIMPF - Número-índice (2012=100),Brasil - Produção industrial por setores
2008-04-01,9923669,Brasil - Produção industrial - Não ajustada sazonalmente,IBGE/SIDRA,8159,Não ajustada sazonalmente,PIMPF - Número-índice (2012=100),Brasil - Produção industrial por setores
2008-05-01,10245747,Brasil - Produção industrial - Não ajustada sazonalmente,IBGE/SIDRA,8159,Não ajustada sazonalmente,PIMPF - Número-índice (2012=100),Brasil - Produção industrial por setores
2008-06-01,10327342,Brasil - Produção industrial - Não ajustada sazonalmente,IBGE/SIDRA,8159,Não ajustada sazonalmente,PIMPF - Número-índice (2012=100),Brasil - Produção industrial por setores
2008-07-01,10850247,Brasil - Produção industrial - Não ajustada sazonalmente,IBGE/SIDRA,8159,Não ajustada sazonalmente,PIMPF - Número-índice (2012=100),Brasil - Produção industrial por setores
2008-08-01,10691062,Brasil - Produção industrial - Não ajustada sazonalmente,IBGE/SIDRA,8159,Não ajustada sazonalmente,PIMPF - Número-índice (2012=100),Brasil - Produção industrial por setores
2008-09-01,10732784,Brasil - Produção industrial - Não ajustada sazonalmente,IBGE/SIDRA,8159,Não ajustada sazonalmente,PIMPF - Número-índice (2012=100),Brasil - Produção industrial por setores
2008-10-01,10842509,Brasil - Produção industrial - Não ajustada sazonalmente,IBGE/SIDRA,8159,Não ajustada sazonalmente,PIMPF - Número-índice (2012=100),Brasil - Produção industrial por setores
2008-11-01,9618181,Brasil - Produção industrial - Não ajustada sazonalmente,IBGE/SIDRA,8159,Não ajustada sazonalmente,PIMPF - Número-índice (2012=100),Brasil - Produção industrial por setores
2008-12-01,7911826,Brasil - Produção industrial - Não ajustada sazonalmente,IBGE/SIDRA,8159,Não ajustada sazonalmente,PIMPF - Número-índice (2012=100),Brasil - Produção industrial por setores
2009-01-01,7866338,Brasil - Produção industrial - Não ajustada sazonalmente,IBGE/SIDRA,8159,Não ajustada sazonalmente,PIMPF - Número-índice (2012=100),Brasil - Produção industrial por setores
2009-02-01,7606049,Brasil - Produção industrial - Não ajustada sazonalmente,IBGE/SIDRA,8159,Não ajustada sazonalmente,PIMPF - Número-índice (2012=100),Brasil - Produção industrial por setores
2009-03-01,8855244,Brasil - Produção industrial - Não ajustada sazonalmente,IBGE/SIDRA,8159,Não ajustada sazonalmente,PIMPF - Número-índice (2012=100),Brasil - Produção industrial por setores
2009-04-01,8522504,Brasil - Produção industrial - Não ajustada sazonalmente,IBGE/SIDRA,8159,Não ajustada sazonalmente,PIMPF - Número-índice (2012=100),Brasil - Produção industrial por setores
2009-05-01,9126478,Brasil - Produção industrial - Não ajustada sazonalmente,IBGE/SIDRA,8159,Não ajustada sazonalmente,PIMPF - Número-índice (2012=100),Brasil - Produção industrial por setores
2009-06-01,9219055,Brasil - Produção industrial - Não ajustada sazonalmente,IBGE/SIDRA,8159,Não ajustada sazonalmente,PIMPF - Número-índice (2012=100),Brasil - Produção industrial por setores
2009-07-01,9771020,Brasil - Produção industrial - Não ajustada sazonalmente,IBGE/SIDRA,8159,Não ajustada sazonalmente,PIMPF - Número-índice (2012=100),Brasil - Produção industrial por setores
2009-08-01,9963385,Brasil - Produção industrial - Não ajustada sazonalmente,IBGE/SIDRA,8159,Não ajustada sazonalmente,PIMPF - Número-índice (2012=100),Brasil - Produção industrial por setores
2009-09-01,9944059,Brasil - Produção industrial - Não ajustada sazonalmente,IBGE/SIDRA,8159,Não ajustada sazonalmente,PIMPF - Número-índice (2012=100),Brasil - Produção industrial por setores
2009-10-01,10561536,Brasil - Produção industrial - Não ajustada sazonalmente,IBGE/SIDRA,8159,Não ajustada sazonalmente,PIMPF - Número-índice (2012=100),Brasil - Produção industrial por setores
2009-11-01,10137881,Brasil - Produção industrial - Não ajustada sazonalmente,IBGE/SIDRA,8159,Não ajustada sazonalmente,PIMPF - Número-índice (2012=100),Brasil - Produção industrial por setores
2009-12-01,9407476,Brasil - Produção industrial - Não ajustada sazonalmente,IBGE/SIDRA,8159,Não ajustada sazonalmente,PIMPF - Número-índice (2012=100),Brasil - Produção industrial por setores
2010-01-01,9120876,Brasil - Produção industrial - Não ajustada sazonalmente,IBGE/SIDRA,8159,Não ajustada sazonalmente,PIMPF - Número-índice (2012=100),Brasil - Produção industrial por setores
2010-02-01,8895149,Brasil - Produção industrial - Não ajustada sazonalmente,IBGE/SIDRA,8159,Não ajustada sazonalmente,PIMPF - Número-índice (2012=100),Brasil - Produção industrial por setores
2010-03-01,10507767,Brasil - Produção industrial - Não ajustada sazonalmente,IBGE/SIDRA,8159,Não ajustada sazonalmente,PIMPF - Número-índice (2012=100),Brasil - Produção industrial por setores
2010-04-01,9930561,Brasil - Produção industrial - Não ajustada sazonalmente,IBGE/SIDRA,8159,Não ajustada sazonalmente,PIMPF - Número-índice (2012=100),Brasil - Produção industrial por setores
2010-05-01,10427978,Brasil - Produção industrial - Não ajustada sazonalmente,IBGE/SIDRA,8159,Não ajustada sazonalmente,PIMPF - Número-índice (2012=100),Brasil - Produção industrial por setores
2010-06-01,10249638,Brasil - Produção industrial - Não ajustada sazonalmente,IBGE/SIDRA,8159,Não ajustada sazonalmente,PIMPF - Número-índice (2012=100),Brasil - Produção industrial por setores
2010-07-01,10688722,Brasil - Produção industrial - Não ajustada sazonalmente,IBGE/SIDRA,8159,Não ajustada sazonalmente,PIMPF - Número-índice (2012=100),Brasil - Produção industrial por setores
2010-08-01,10814430,Brasil - Produção industrial - Não ajustada sazonalmente,IBGE/SIDRA,8159,Não ajustada sazonalmente,PIMPF - Número-índice (2012=100),Brasil - Produção industrial por setores
2010-09-01,10579990,Brasil - Produção industrial - Não ajustada sazonalmente,IBGE/SIDRA,8159,Não ajustada sazonalmente,PIMPF - Número-índice (2012=100),Brasil - Produção industrial por setores
2010-10-01,10773553,Brasil - Produção industrial - Não ajustada sazonalmente,IBGE/SIDRA,8159,Não ajustada sazonalmente,PIMPF - Número-índice (2012=100),Brasil - Produção industrial por setores
2010-11-01,10677447,Brasil - Produção industrial - Não ajustada sazonalmente,IBGE/SIDRA,8159,Não ajustada sazonalmente,PIMPF - Número-índice (2012=100),Brasil - Produção industrial por setores
2010-12-01,9657787,Brasil - Produção industrial - Não ajustada sazonalmente,IBGE/SIDRA,8159,Não ajustada sazonalmente,PIMPF - Número-índice (2012=100),Brasil - Produção industrial por setores
2011-01-01,9322360,Brasil - Produção industrial - Não ajustada sazonalmente,IBGE/SIDRA,8159,Não ajustada sazonalmente,PIMPF - Número-índice (2012=100),Brasil - Produção industrial por setores
2011-02-01,9541042,Brasil - Produção industrial - Não ajustada sazonalmente,IBGE/SIDRA,8159,Não ajustada sazonalmente,PIMPF - Número-índice (2012=100),Brasil - Produção industrial por setores
2011-03-01,10437887,Brasil - Produção industrial - Não ajustada sazonalmente,IBGE/SIDRA,8159,Não ajustada sazonalmente,PIMPF - Número-índice (2012=100),Brasil - Produção industrial por setores
2011-04-01,9749711,Brasil - Produção industrial - Não ajustada sazonalmente,IBGE/SIDRA,8159,Não ajustada sazonalmente,PIMPF - Número-índice (2012=100),Brasil - Produção industrial por setores
2011-05-01,10710605,Brasil - Produção industrial - Não ajustada sazonalmente,IBGE/SIDRA,8159,Não ajustada sazonalmente,PIMPF - Número-índice (2012=100),Brasil - Produção industrial por setores
2011-06-01,10280794,Brasil - Produção industrial - Não ajustada sazonalmente,IBGE/SIDRA,8159,Não ajustada sazonalmente,PIMPF - Número-índice (2012=100),Brasil - Produção industrial por setores
2011-07-01,10606639,Brasil - Produção industrial - Não ajustada sazonalmente,IBGE/SIDRA,8159,Não ajustada sazonalmente,PIMPF - Número-índice (2012=100),Brasil - Produção industrial por setores
2011-08-01,11082280,Brasil - Produção industrial - Não ajustada sazonalmente,IBGE/SIDRA,8159,Não ajustada sazonalmente,PIMPF - Número-índice (2012=100),Brasil - Produção industrial por setores
2011-09-01,10478555,Brasil - Produção industrial - Não ajustada sazonalmente,IBGE/SIDRA,8159,Não ajustada sazonalmente,PIMPF - Número-índice (2012=100),Brasil - Produção industrial por setores
2011-10-01,10627101,Brasil - Produção industrial - Não ajustada sazonalmente,IBGE/SIDRA,8159,Não ajustada sazonalmente,PIMPF - Número-índice (2012=100),Brasil - Produção industrial por setores
2011-11-01,10418000,Brasil - Produção industrial - Não ajustada sazonalmente,IBGE/SIDRA,8159,Não ajustada sazonalmente,PIMPF - Número-índice (2012=100),Brasil - Produção industrial por setores
2011-12-01,9567865,Brasil - Produção industrial - Não ajustada sazonalmente,IBGE/SIDRA,8159,Não ajustada sazonalmente,PIMPF - Número-índice (2012=100),Brasil - Produção industrial por setores
2012-01-01,8869521,Brasil - Produção industrial - Não ajustada sazonalmente,IBGE/SIDRA,8159,Não ajustada sazonalmente,PIMPF - Número-índice (2012=100),Brasil - Produção industrial por setores
2012-02-01,8983275,Brasil - Produção industrial - Não ajustada sazonalmente,IBGE/SIDRA,8159,Não ajustada sazonalmente,PIMPF - Número-índice (2012=100),Brasil - Produção industrial por setores
2012-03-01,9969991,Brasil - Produção industrial - Não ajustada sazonalmente,IBGE/SIDRA,8159,Não ajustada sazonalmente,PIMPF - Número-índice (2012=100),Brasil - Produção industrial por setores
2012-04-01,9276361,Brasil - Produção industrial - Não ajustada sazonalmente,IBGE/SIDRA,8159,Não ajustada sazonalmente,PIMPF - Número-índice (2012=100),Brasil - Produção industrial por setores
2012-05-01,10245065,Brasil - Produção industrial - Não ajustada sazonalmente,IBGE/SIDRA,8159,Não ajustada sazonalmente,PIMPF - Número-índice (2012=100),Brasil - Produção industrial por setores
2012-06-01,9825850,Brasil - Produção industrial - Não ajustada sazonalmente,IBGE/SIDRA,8159,Não ajustada sazonalmente,PIMPF - Número-índice (2012=100),Brasil - Produção industrial por setores
2012-07-01,10449349,Brasil - Produção industrial - Não ajustada sazonalmente,IBGE/SIDRA,8159,Não ajustada sazonalmente,PIMPF - Número-índice (2012=100),Brasil - Produção industrial por setores
2012-08-01,11151784,Brasil - Produção industrial - Não ajustada sazonalmente,IBGE/SIDRA,8159,Não ajustada sazonalmente,PIMPF - Número-índice (2012=100),Brasil - Produção industrial por setores
2012-09-01,10342560,Brasil - Produção industrial - Não ajustada sazonalmente,IBGE/SIDRA,8159,Não ajustada sazonalmente,PIMPF - Número-índice (2012=100),Brasil - Produção industrial por setores
2012-10-01,11179012,Brasil - Produção industrial - Não ajustada sazonalmente,IBGE/SIDRA,8159,Não ajustada sazonalmente,PIMPF - Número-índice (2012=100),Brasil - Produção industrial por setores
2012-11-01,10483123,Brasil - Produção industrial - Não ajustada sazonalmente,IBGE/SIDRA,8159,Não ajustada sazonalmente,PIMPF - Número-índice (2012=100),Brasil - Produção industrial por setores
2012-12-01,9224109,Brasil - Produção industrial - Não ajustada sazonalmente,IBGE/SIDRA,8159,Não ajustada sazonalmente,PIMPF - Número-índice (2012=100),Brasil - Produção industrial por setores
2013-01-01,9449635,Brasil - Produção industrial - Não ajustada sazonalmente,IBGE/SIDRA,8159,Não ajustada sazonalmente,PIMPF - Número-índice (2012=100),Brasil - Produção industrial por setores
2013-02-01,8806255,Brasil - Produção industrial - Não ajustada sazonalmente,IBGE/SIDRA,8159,Não ajustada sazonalmente,PIMPF - Número-índice (2012=100),Brasil - Produção industrial por setores
2013-03-01,9770125,Brasil - Produção industrial - Não ajustada sazonalmente,IBGE/SIDRA,8159,Não ajustada sazonalmente,PIMPF - Número-índice (2012=100),Brasil - Produção industrial por setores
2013-04-01,10182004,Brasil - Produção industrial - Não ajustada sazonalmente,IBGE/SIDRA,8159,Não ajustada sazonalmente,PIMPF - Número-índice (2012=100),Brasil - Produção industrial por setores
2013-05-01,10497776,Brasil - Produção industrial - Não ajustada sazonalmente,IBGE/SIDRA,8159,Não ajustada sazonalmente,PIMPF - Número-índice (2012=100),Brasil - Produção industrial por setores
2013-06-01,10170192,Brasil - Produção industrial - Não ajustada sazonalmente,IBGE/SIDRA,8159,Não ajustada sazonalmente,PIMPF - Número-índice (2012=100),Brasil - Produção industrial por setores
2013-07-01,10802689,Brasil - Produção industrial - Não ajustada sazonalmente,IBGE/SIDRA,8159,Não ajustada sazonalmente,PIMPF - Número-índice (2012=100),Brasil - Produção industrial por setores
2013-08-01,11204481,Brasil - Produção industrial - Não ajustada sazonalmente,IBGE/SIDRA,8159,Não ajustada sazonalmente,PIMPF - Número-índice (2012=100),Brasil - Produção industrial por setores
2013-09-01,10729566,Brasil - Produção industrial - Não ajustada sazonalmente,IBGE/SIDRA,8159,Não ajustada sazonalmente,PIMPF - Número-índice (2012=100),Brasil - Produção industrial por setores
2013-10-01,11258121,Brasil - Produção industrial - Não ajustada sazonalmente,IBGE/SIDRA,8159,Não ajustada sazonalmente,PIMPF - Número-índice (2012=100),Brasil - Produção industrial por setores
2013-11-01,10614223,Brasil - Produção industrial - Não ajustada sazonalmente,IBGE/SIDRA,8159,Não ajustada sazonalmente,PIMPF - Número-índice (2012=100),Brasil - Produção industrial por setores
2013-12-01,9008429,Brasil - Produção industrial - Não ajustada sazonalmente,IBGE/SIDRA,8159,Não ajustada sazonalmente,PIMPF - Número-índice (2012=100),Brasil - Produção industrial por setores
2014-01-01,9260558,Brasil - Produção industrial - Não ajustada sazonalmente,IBGE/SIDRA,8159,Não ajustada sazonalmente,PIMPF - Número-índice (2012=100),Brasil - Produção industrial por setores
2014-02-01,9229120,Brasil - Produção industrial - Não ajustada sazonalmente,IBGE/SIDRA,8159,Não ajustada sazonalmente,PIMPF - Número-índice (2012=100),Brasil - Produção industrial por setores
2014-03-01,9729175,Brasil - Produção industrial - Não ajustada sazonalmente,IBGE/SIDRA,8159,Não ajustada sazonalmente,PIMPF - Número-índice (2012=100),Brasil - Produção industrial por setores
2014-04-01,9602380,Brasil - Produção industrial - Não ajustada sazonalmente,IBGE/SIDRA,8159,Não ajustada sazonalmente,PIMPF - Número-índice (2012=100),Brasil - Produção industrial por setores
2014-05-01,10171577,Brasil - Produção industrial - Não ajustada sazonalmente,IBGE/SIDRA,8159,Não ajustada sazonalmente,PIMPF - Número-índice (2012=100),Brasil - Produção industrial por setores
2014-06-01,9491935,Brasil - Produção industrial - Não ajustada sazonalmente,IBGE/SIDRA,8159,Não ajustada sazonalmente,PIMPF - Número-índice (2012=100),Brasil - Produção industrial por setores
2014-07-01,10443759,Brasil - Produção industrial - Não ajustada sazonalmente,IBGE/SIDRA,8159,Não ajustada sazonalmente,PIMPF - Número-índice (2012=100),Brasil - Produção industrial por setores
2014-08-01,10634208,Brasil - Produção industrial - Não ajustada sazonalmente,IBGE/SIDRA,8159,Não ajustada sazonalmente,PIMPF - Número-índice (2012=100),Brasil - Produção industrial por setores
2014-09-01,10561239,Brasil - Produção industrial - Não ajustada sazonalmente,IBGE/SIDRA,8159,Não ajustada sazonalmente,PIMPF - Número-índice (2012=100),Brasil - Produção industrial por setores
2014-10-01,10926309,Brasil - Produção industrial - Não ajustada sazonalmente,IBGE/SIDRA,8159,Não ajustada sazonalmente,PIMPF - Número-índice (2012=100),Brasil - Produção industrial por setores
2014-11-01,9979190,Brasil - Produção industrial - Não ajustada sazonalmente,IBGE/SIDRA,8159,Não ajustada sazonalmente,PIMPF - Número-índice (2012=100),Brasil - Produção industrial por setores
2014-12-01,8771356,Brasil - Produção industrial - Não ajustada sazonalmente,IBGE/SIDRA,8159,Não ajustada sazonalmente,PIMPF - Número-índice (2012=100),Brasil - Produção industrial por setores
2015-01-01,8809942,Brasil - Produção industrial - Não ajustada sazonalmente,IBGE/SIDRA,8159,Não ajustada sazonalmente,PIMPF - Número-índice (2012=100),Brasil - Produção industrial por setores
2015-02-01,8372994,Brasil - Produção industrial - Não ajustada sazonalmente,IBGE/SIDRA,8159,Não ajustada sazonalmente,PIMPF - Número-índice (2012=100),Brasil - Produção industrial por setores
2015-03-01,9433358,Brasil - Produção industrial - Não ajustada sazonalmente,IBGE/SIDRA,8159,Não ajustada sazonalmente,PIMPF - Número-índice (2012=100),Brasil - Produção industrial por setores
2015-04-01,8882854,Brasil - Produção industrial - Não ajustada sazonalmente,IBGE/SIDRA,8159,Não ajustada sazonalmente,PIMPF - Número-índice (2012=100),Brasil - Produção industrial por setores
2015-05-01,9306066,Brasil - Produção industrial - Não ajustada sazonalmente,IBGE/SIDRA,8159,Não ajustada sazonalmente,PIMPF - Número-índice (2012=100),Brasil - Produção industrial por setores
2015-06-01,9249449,Brasil - Produção industrial - Não ajustada sazonalmente,IBGE/SIDRA,8159,Não ajustada sazonalmente,PIMPF - Número-índice (2012=100),Brasil - Produção industrial por setores
2015-07-01,9546492,Brasil - Produção industrial - Não ajustada sazonalmente,IBGE/SIDRA,8159,Não ajustada sazonalmente,PIMPF - Número-índice (2012=100),Brasil - Produção industrial por setores
2015-08-01,9759936,Brasil - Produção industrial - Não ajustada sazonalmente,IBGE/SIDRA,8159,Não ajustada sazonalmente,PIMPF - Número-índice (2012=100),Brasil - Produção industrial por setores
2015-09-01,9431930,Brasil - Produção industrial - Não ajustada sazonalmente,IBGE/SIDRA,8159,Não ajustada sazonalmente,PIMPF - Número-índice (2012=100),Brasil - Produção industrial por setores
2015-10-01,9724437,Brasil - Produção industrial - Não ajustada sazonalmente,IBGE/SIDRA,8159,Não ajustada sazonalmente,PIMPF - Número-índice (2012=100),Brasil - Produção industrial por setores
2015-11-01,8755042,Brasil - Produção industrial - Não ajustada sazonalmente,IBGE/SIDRA,8159,Não ajustada sazonalmente,PIMPF - Número-índice (2012=100),Brasil - Produção industrial por setores
2015-12-01,7720882,Brasil - Produção industrial - Não ajustada sazonalmente,IBGE/SIDRA,8159,Não ajustada sazonalmente,PIMPF - Número-índice (2012=100),Brasil - Produção industrial por setores
2016-01-01,7626787,Brasil - Produção industrial - Não ajustada sazonalmente,IBGE/SIDRA,8159,Não ajustada sazonalmente,PIMPF - Número-índice (2012=100),Brasil - Produção industrial por setores
2016-02-01,7582159,Brasil - Produção industrial - Não ajustada sazonalmente,IBGE/SIDRA,8159,Não ajustada sazonalmente,PIMPF - Número-índice (2012=100),Brasil - Produção industrial por setores
2016-03-01,8368427,Brasil - Produção industrial - Não ajustada sazonalmente,IBGE/SIDRA,8159,Não ajustada sazonalmente,PIMPF - Número-índice (2012=100),Brasil - Produção industrial por setores
2016-04-01,8300607,Brasil - Produção industrial - Não ajustada sazonalmente,IBGE/SIDRA,8159,Não ajustada sazonalmente,PIMPF - Número-índice (2012=100),Brasil - Produção industrial por setores
2016-05-01,8625200,Brasil - Produção industrial - Não ajustada sazonalmente,IBGE/SIDRA,8159,Não ajustada sazonalmente,PIMPF - Número-índice (2012=100),Brasil - Produção industrial por setores
2016-06-01,8765867,Brasil - Produção industrial - Não ajustada sazonalmente,IBGE/SIDRA,8159,Não ajustada sazonalmente,PIMPF - Número-índice (2012=100),Brasil - Produção industrial por setores
2016-07-01,8961651,Brasil - Produção industrial - Não ajustada sazonalmente,IBGE/SIDRA,8159,Não ajustada sazonalmente,PIMPF - Número-índice (2012=100),Brasil - Produção industrial por setores
2016-08-01,9299840,Brasil - Produção industrial - Não ajustada sazonalmente,IBGE/SIDRA,8159,Não ajustada sazonalmente,PIMPF - Número-índice (2012=100),Brasil - Produção industrial por setores
2016-09-01,9066500,Brasil - Produção industrial - Não ajustada sazonalmente,IBGE/SIDRA,8159,Não ajustada sazonalmente,PIMPF - Número-índice (2012=100),Brasil - Produção industrial por setores
2016-10-01,9017190,Brasil - Produção industrial - Não ajustada sazonalmente,IBGE/SIDRA,8159,Não ajustada sazonalmente,PIMPF - Número-índice (2012=100),Brasil - Produção industrial por setores
2016-11-01,8647462,Brasil - Produção industrial - Não ajustada sazonalmente,IBGE/SIDRA,8159,Não ajustada sazonalmente,PIMPF - Número-índice (2012=100),Brasil - Produção industrial por setores
2016-12-01,7723473,Brasil - Produção industrial - Não ajustada sazonalmente,IBGE/SIDRA,8159,Não ajustada sazonalmente,PIMPF - Número-índice (2012=100),Brasil - Produção industrial por setores
2017-01-01,7788641,Brasil - Produção industrial - Não ajustada sazonalmente,IBGE/SIDRA,8159,Não ajustada sazonalmente,PIMPF - Número-índice (2012=100),Brasil - Produção industrial por setores
2017-02-01,7586999,Brasil - Produção industrial - Não ajustada sazonalmente,IBGE/SIDRA,8159,Não ajustada sazonalmente,PIMPF - Número-índice (2012=100),Brasil - Produção industrial por setores
2017-03-01,8542950,Brasil - Produção industrial - Não ajustada sazonalmente,IBGE/SIDRA,8159,Não ajustada sazonalmente,PIMPF - Número-índice (2012=100),Brasil - Produção industrial por setores
2017-04-01,7930999,Brasil - Produção industrial - Não ajustada sazonalmente,IBGE/SIDRA,8159,Não ajustada sazonalmente,PIMPF - Número-índice (2012=100),Brasil - Produção industrial por setores
2017-05-01,9012680,Brasil - Produção industrial - Não ajustada sazonalmente,IBGE/SIDRA,8159,Não ajustada sazonalmente,PIMPF - Número-índice (2012=100),Brasil - Produção industrial por setores
2017-06-01,8844649,Brasil - Produção industrial - Não ajustada sazonalmente,IBGE/SIDRA,8159,Não ajustada sazonalmente,PIMPF - Número-índice (2012=100),Brasil - Produção industrial por setores
2017-07-01,9211994,Brasil - Produção industrial - Não ajustada sazonalmente,IBGE/SIDRA,8159,Não ajustada sazonalmente,PIMPF - Número-índice (2012=100),Brasil - Produção industrial por setores
2017-08-01,9666195,Brasil - Produção industrial - Não ajustada sazonalmente,IBGE/SIDRA,8159,Não ajustada sazonalmente,PIMPF - Número-índice (2012=100),Brasil - Produção industrial por setores
2017-09-01,9297887,Brasil - Produção industrial - Não ajustada sazonalmente,IBGE/SIDRA,8159,Não ajustada sazonalmente,PIMPF - Número-índice (2012=100),Brasil - Produção industrial por setores
2017-10-01,9514998,Brasil - Produção industrial - Não ajustada sazonalmente,IBGE/SIDRA,8159,Não ajustada sazonalmente,PIMPF - Número-índice (2012=100),Brasil - Produção industrial por setores
2017-11-01,9060241,Brasil - Produção industrial - Não ajustada sazonalmente,IBGE/SIDRA,8159,Não ajustada sazonalmente,PIMPF - Número-índice (2012=100),Brasil - Produção industrial por setores
2017-12-01,8100319,Brasil - Produção industrial - Não ajustada sazonalmente,IBGE/SIDRA,8159,Não ajustada sazonalmente,PIMPF - Número-índice (2012=100),Brasil - Produção industrial por setores
2018-01-01,8225341,Brasil - Produção industrial - Não ajustada sazonalmente,IBGE/SIDRA,8159,Não ajustada sazonalmente,PIMPF - Número-índice (2012=100),Brasil - Produção industrial por setores
2018-02-01,7726940,Brasil - Produção industrial - Não ajustada sazonalmente,IBGE/SIDRA,8159,Não ajustada sazonalmente,PIMPF - Número-índice (2012=100),Brasil - Produção industrial por setores
2018-03-01,8624128,Brasil - Produção industrial - Não ajustada sazonalmente,IBGE/SIDRA,8159,Não ajustada sazonalmente,PIMPF - Número-índice (2012=100),Brasil - Produção industrial por setores
2018-04-01,8648046,Brasil - Produção industrial - Não ajustada sazonalmente,IBGE/SIDRA,8159,Não ajustada sazonalmente,PIMPF - Número-índice (2012=100),Brasil - Produção industrial por setores
2018-05-01,8440680,Brasil - Produção industrial - Não ajustada sazonalmente,IBGE/SIDRA,8159,Não ajustada sazonalmente,PIMPF - Número-índice (2012=100),Brasil - Produção industrial por setores
2018-06-01,9105073,Brasil - Produção industrial - Não ajustada sazonalmente,IBGE/SIDRA,8159,Não ajustada sazonalmente,PIMPF - Número-índice (2012=100),Brasil - Produção industrial por setores
2018-07-01,9578511,Brasil - Produção industrial - Não ajustada sazonalmente,IBGE/SIDRA,8159,Não ajustada sazonalmente,PIMPF - Número-índice (2012=100),Brasil - Produção industrial por setores
2018-08-01,9822417,Brasil - Produção industrial - Não ajustada sazonalmente,IBGE/SIDRA,8159,Não ajustada sazonalmente,PIMPF - Número-índice (2012=100),Brasil - Produção industrial por setores
2018-09-01,9073505,Brasil - Produção industrial - Não ajustada sazonalmente,IBGE/SIDRA,8159,Não ajustada sazonalmente,PIMPF - Número-índice (2012=100),Brasil - Produção industrial por setores
2018-10-01,9578202,Brasil - Produção industrial - Não ajustada sazonalmente,IBGE/SIDRA,8159,Não ajustada sazonalmente,PIMPF - Número-índice (2012=100),Brasil - Produção industrial por setores
2018-11-01,8948815,Brasil - Produção industrial - Não ajustada sazonalmente,IBGE/SIDRA,8159,Não ajustada sazonalmente,PIMPF - Número-índice (2012=100),Brasil - Produção industrial por setores
2018-12-01,7795478,Brasil - Produção industrial - Não ajustada sazonalmente,IBGE/SIDRA,8159,Não ajustada sazonalmente,PIMPF - Número-índice (2012=100),Brasil - Produção industrial por setores
2019-01-01,8068492,Brasil - Produção industrial - Não ajustada sazonalmente,IBGE/SIDRA,8159,Não ajustada sazonalmente,PIMPF - Número-índice (2012=100),Brasil - Produção industrial por setores
2019-02-01,7907925,Brasil - Produção industrial - Não ajustada sazonalmente,IBGE/SIDRA,8159,Não ajustada sazonalmente,PIMPF - Número-índice (2012=100),Brasil - Produção industrial por setores
2019-03-01,8100541,Brasil - Produção industrial - Não ajustada sazonalmente,IBGE/SIDRA,8159,Não ajustada sazonalmente,PIMPF - Número-índice (2012=100),Brasil - Produção industrial por setores
2019-04-01,8334800,Brasil - Produção industrial - Não ajustada sazonalmente,IBGE/SIDRA,8159,Não ajustada sazonalmente,PIMPF - Número-índice (2012=100),Brasil - Produção industrial por setores
2019-05-01,9099380,Brasil - Produção industrial - Não ajustada sazonalmente,IBGE/SIDRA,8159,Não ajustada sazonalmente,PIMPF - Número-índice (2012=100),Brasil - Produção industrial por setores
2019-06-01,8580427,Brasil - Produção industrial - Não ajustada sazonalmente,IBGE/SIDRA,8159,Não ajustada sazonalmente,PIMPF - Número-índice (2012=100),Brasil - Produção industrial por setores
2019-07-01,9343811,Brasil - Produção industrial - Não ajustada sazonalmente,IBGE/SIDRA,8159,Não ajustada sazonalmente,PIMPF - Número-índice (2012=100),Brasil - Produção industrial por setores
2019-08-01,9620916,Brasil - Produção industrial - Não ajustada sazonalmente,IBGE/SIDRA,8159,Não ajustada sazonalmente,PIMPF - Número-índice (2012=100),Brasil - Produção industrial por setores
2019-09-01,9177385,Brasil - Produção industrial - Não ajustada sazonalmente,IBGE/SIDRA,8159,Não ajustada sazonalmente,PIMPF - Número-índice (2012=100),Brasil - Produção industrial por setores
2019-10-01,9702484,Brasil - Produção industrial - Não ajustada sazonalmente,IBGE/SIDRA,8159,Não ajustada sazonalmente,PIMPF - Número-índice (2012=100),Brasil - Produção industrial por setores
2019-11-01,8796635,Brasil - Produção industrial - Não ajustada sazonalmente,IBGE/SIDRA,8159,Não ajustada sazonalmente,PIMPF - Número-índice (2012=100),Brasil - Produção industrial por setores
2019-12-01,7693330,Brasil - Produção industrial - Não ajustada sazonalmente,IBGE/SIDRA,8159,Não ajustada sazonalmente,PIMPF - Número-índice (2012=100),Brasil - Produção industrial por setores
2020-01-01,8002397,Brasil - Produção industrial - Não ajustada sazonalmente,IBGE/SIDRA,8159,Não ajustada sazonalmente,PIMPF - Número-índice (2012=100),Brasil - Produção industrial por setores
2020-02-01,7886411,Brasil - Produção industrial - Não ajustada sazonalmente,IBGE/SIDRA,8159,Não ajustada sazonalmente,PIMPF - Número-índice (2012=100),Brasil - Produção industrial por setores
2020-03-01,7788536,Brasil - Produção industrial - Não ajustada sazonalmente,IBGE/SIDRA,8159,Não ajustada sazonalmente,PIMPF - Número-índice (2012=100),Brasil - Produção industrial por setores
2020-04-01,6028160,Brasil - Produção industrial - Não ajustada sazonalmente,IBGE/SIDRA,8159,Não ajustada sazonalmente,PIMPF - Número-índice (2012=100),Brasil - Produção industrial por setores
2020-05-01,7117081,Brasil - Produção industrial - Não ajustada sazonalmente,IBGE/SIDRA,8159,Não ajustada sazonalmente,PIMPF - Número-índice (2012=100),Brasil - Produção industrial por setores
2020-06-01,7838194,Brasil - Produção industrial - Não ajustada sazonalmente,IBGE/SIDRA,8159,Não ajustada sazonalmente,PIMPF - Número-índice (2012=100),Brasil - Produção industrial por setores
2020-07-01,9099252,Brasil - Produção industrial - Não ajustada sazonalmente,IBGE/SIDRA,8159,Não ajustada sazonalmente,PIMPF - Número-índice (2012=100),Brasil - Produção industrial por setores
2020-08-01,9389506,Brasil - Produção industrial - Não ajustada sazonalmente,IBGE/SIDRA,8159,Não ajustada sazonalmente,PIMPF - Número-índice (2012=100),Brasil - Produção industrial por setores
2020-09-01,9536661,Brasil - Produção industrial - Não ajustada sazonalmente,IBGE/SIDRA,8159,Não ajustada sazonalmente,PIMPF - Número-índice (2012=100),Brasil - Produção industrial por setores
2020-10-01,9733818,Brasil - Produção industrial - Não ajustada sazonalmente,IBGE/SIDRA,8159,Não ajustada sazonalmente,PIMPF - Número-índice (2012=100),Brasil - Produção industrial por setores
2020-11-01,9022049,Brasil - Produção industrial - Não ajustada sazonalmente,IBGE/SIDRA,8159,Não ajustada sazonalmente,PIMPF - Número-índice (2012=100),Brasil - Produção industrial por setores
2020-12-01,8333077,Brasil - Produção industrial - Não ajustada sazonalmente,IBGE/SIDRA,8159,Não ajustada sazonalmente,PIMPF - Número-índice (2012=100),Brasil - Produção industrial por setores
2021-01-01,8191081,Brasil - Produção industrial - Não ajustada sazonalmente,IBGE/SIDRA,8159,Não ajustada sazonalmente,PIMPF - Número-índice (2012=100),Brasil - Produção industrial por setores
2021-02-01,7908065,Brasil - Produção industrial - Não ajustada sazonalmente,IBGE/SIDRA,8159,Não ajustada sazonalmente,PIMPF - Número-índice (2012=100),Brasil - Produção industrial por setores
2021-03-01,8608644,Brasil - Produção industrial - Não ajustada sazonalmente,IBGE/SIDRA,8159,Não ajustada sazonalmente,PIMPF - Número-índice (2012=100),Brasil - Produção industrial por setores
2021-04-01,8128537,Brasil - Produção industrial - Não ajustada sazonalmente,IBGE/SIDRA,8159,Não ajustada sazonalmente,PIMPF - Número-índice (2012=100),Brasil - Produção industrial por setores
2021-05-01,8835398,Brasil - Produção industrial - Não ajustada sazonalmente,IBGE/SIDRA,8159,Não ajustada sazonalmente,PIMPF - Número-índice (2012=100),Brasil - Produção industrial por setores
2021-06-01,8788624,Brasil - Produção industrial - Não ajustada sazonalmente,IBGE/SIDRA,8159,Não ajustada sazonalmente,PIMPF - Número-índice (2012=100),Brasil - Produção industrial por setores
2021-07-01,9227960,Brasil - Produção industrial - Não ajustada sazonalmente,IBGE/SIDRA,8159,Não ajustada sazonalmente,PIMPF - Número-índice (2012=100),Brasil - Produção industrial por setores
2021-08-01,9337744,Brasil - Produção industrial - Não ajustada sazonalmente,IBGE/SIDRA,8159,Não ajustada sazonalmente,PIMPF - Número-índice (2012=100),Brasil - Produção industrial por setores
2021-09-01,9148660,Brasil - Produção industrial - Não ajustada sazonalmente,IBGE/SIDRA,8159,Não ajustada sazonalmente,PIMPF - Número-índice (2012=100),Brasil - Produção industrial por setores
2021-10-01,8973454,Brasil - Produção industrial - Não ajustada sazonalmente,IBGE/SIDRA,8159,Não ajustada sazonalmente,PIMPF - Número-índice (2012=100),Brasil - Produção industrial por setores
2021-11-01,8629316,Brasil - Produção industrial - Não ajustada sazonalmente,IBGE/SIDRA,8159,Não ajustada sazonalmente,PIMPF - Número-índice (2012=100),Brasil - Produção industrial por setores
2021-12-01,7920526,Brasil - Produção industrial - Não ajustada sazonalmente,IBGE/SIDRA,8159,Não ajustada sazonalmente,PIMPF - Número-índice (2012=100),Brasil - Produção industrial por setores
2022-01-01,7592695,Brasil - Produção industrial - Não ajustada sazonalmente,IBGE/SIDRA,8159,Não ajustada sazonalmente,PIMPF - Número-índice (2012=100),Brasil - Produção industrial por setores
2022-02-01,7587402,Brasil - Produção industrial - Não ajustada sazonalmente,IBGE/SIDRA,8159,Não ajustada sazonalmente,PIMPF - Número-índice (2012=100),Brasil - Produção industrial por setores
2022-03-01,8449285,Brasil - Produção industrial - Não ajustada sazonalmente,IBGE/SIDRA,8159,Não ajustada sazonalmente,PIMPF - Número-índice (2012=100),Brasil - Produção industrial por setores
2022-04-01,8088910,Brasil - Produção industrial - Não ajustada sazonalmente,IBGE/SIDRA,8159,Não ajustada sazonalmente,PIMPF - Número-índice (2012=100),Brasil - Produção industrial por setores
2022-05-01,8883537,Brasil - Produção industrial - Não ajustada sazonalmente,IBGE/SIDRA,8159,Não ajustada sazonalmente,PIMPF - Número-índice (2012=100),Brasil - Produção industrial por setores
2022-06-01,8751774,Brasil - Produção industrial - Não ajustada sazonalmente,IBGE/SIDRA,8159,Não ajustada sazonalmente,PIMPF - Número-índice (2012=100),Brasil - Produção industrial por setores
2022-07-01,9195659,Brasil - Produção industrial - Não ajustada sazonalmente,IBGE/SIDRA,8159,Não ajustada sazonalmente,PIMPF - Número-índice (2012=100),Brasil - Produção industrial por setores
2022-08-01,9595352,Brasil - Produção industrial - Não ajustada sazonalmente,IBGE/SIDRA,8159,Não ajustada sazonalmente,PIMPF - Número-índice (2012=100),Brasil - Produção industrial por setores
2022-09-01,9181049,Brasil - Produção industrial - Não ajustada sazonalmente,IBGE/SIDRA,8159,Não ajustada sazonalmente,PIMPF - Número-índice (2012=100),Brasil - Produção industrial por setores
2022-10-01,9126549,Brasil - Produção industrial - Não ajustada sazonalmente,IBGE/SIDRA,8159,Não ajustada sazonalmente,PIMPF - Número-índice (2012=100),Brasil - Produção industrial por setores
2022-11-01,8703596,Brasil - Produção industrial - Não ajustada sazonalmente,IBGE/SIDRA,8159,Não ajustada sazonalmente,PIMPF - Número-índice (2012=100),Brasil - Produção industrial por setores
2022-12-01,7821171,Brasil - Produção industrial - Não ajustada sazonalmente,IBGE/SIDRA,8159,Não ajustada sazonalmente,PIMPF - Número-índice (2012=100),Brasil - Produção industrial por setores
2002-01-01,7787338,Brasil - Produção industrial - Ajustada sazonalmente,IBGE/SIDRA,8159,Ajustada sazonalmente,PIMPF - Número-índice com ajuste sazonal (2012=100),Brasil - Produção industrial por setores
2002-02-01,7980332,Brasil - Produção industrial - Ajustada sazonalmente,IBGE/SIDRA,8159,Ajustada sazonalmente,PIMPF - Número-índice com ajuste sazonal (2012=100),Brasil - Produção industrial por setores
2002-03-01,7930592,Brasil - Produção industrial - Ajustada sazonalmente,IBGE/SIDRA,8159,Ajustada sazonalmente,PIMPF - Número-índice com ajuste sazonal (2012=100),Brasil - Produção industrial por setores
2002-04-01,7939795,Brasil - Produção industrial - Ajustada sazonalmente,IBGE/SIDRA,8159,Ajustada sazonalmente,PIMPF - Número-índice com ajuste sazonal (2012=100),Brasil - Produção industrial por setores
2002-05-01,7936153,Brasil - Produção industrial - Ajustada sazonalmente,IBGE/SIDRA,8159,Ajustada sazonalmente,PIMPF - Número-índice com ajuste sazonal (2012=100),Brasil - Produção industrial por setores
2002-06-01,7973360,Brasil - Produção industrial - Ajustada sazonalmente,IBGE/SIDRA,8159,Ajustada sazonalmente,PIMPF - Número-índice com ajuste sazonal (2012=100),Brasil - Produção industrial por setores
2002-07-01,7994745,Brasil - Produção industrial - Ajustada sazonalmente,IBGE/SIDRA,8159,Ajustada sazonalmente,PIMPF - Número-índice com ajuste sazonal (2012=100),Brasil - Produção industrial por setores
2002-08-01,7912077,Brasil - Produção industrial - Ajustada sazonalmente,IBGE/SIDRA,8159,Ajustada sazonalmente,PIMPF - Número-índice com ajuste sazonal (2012=100),Brasil - Produção industrial por setores
2002-09-01,7962152,Brasil - Produção industrial - Ajustada sazonalmente,IBGE/SIDRA,8159,Ajustada sazonalmente,PIMPF - Número-índice com ajuste sazonal (2012=100),Brasil - Produção industrial por setores
2002-10-01,7988912,Brasil - Produção industrial - Ajustada sazonalmente,IBGE/SIDRA,8159,Ajustada sazonalmente,PIMPF - Número-índice com ajuste sazonal (2012=100),Brasil - Produção industrial por setores
2002-11-01,7989551,Brasil - Produção industrial - Ajustada sazonalmente,IBGE/SIDRA,8159,Ajustada sazonalmente,PIMPF - Número-índice com ajuste sazonal (2012=100),Brasil - Produção industrial por setores
2002-12-01,7967386,Brasil - Produção industrial - Ajustada sazonalmente,IBGE/SIDRA,8159,Ajustada sazonalmente,PIMPF - Número-índice com ajuste sazonal (2012=100),Brasil - Produção industrial por setores
2003-01-01,7979409,Brasil - Produção industrial - Ajustada sazonalmente,IBGE/SIDRA,8159,Ajustada sazonalmente,PIMPF - Número-índice com ajuste sazonal (2012=100),Brasil - Produção industrial por setores
2003-02-01,7950220,Brasil - Produção industrial - Ajustada sazonalmente,IBGE/SIDRA,8159,Ajustada sazonalmente,PIMPF - Número-índice com ajuste sazonal (2012=100),Brasil - Produção industrial por setores
2003-03-01,7942551,Brasil - Produção industrial - Ajustada sazonalmente,IBGE/SIDRA,8159,Ajustada sazonalmente,PIMPF - Número-índice com ajuste sazonal (2012=100),Brasil - Produção industrial por setores
2003-04-01,7923244,Brasil - Produção industrial - Ajustada sazonalmente,IBGE/SIDRA,8159,Ajustada sazonalmente,PIMPF - Número-índice com ajuste sazonal (2012=100),Brasil - Produção industrial por setores
2003-05-01,7805399,Brasil - Produção industrial - Ajustada sazonalmente,IBGE/SIDRA,8159,Ajustada sazonalmente,PIMPF - Número-índice com ajuste sazonal (2012=100),Brasil - Produção industrial por setores
2003-06-01,7837833,Brasil - Produção industrial - Ajustada sazonalmente,IBGE/SIDRA,8159,Ajustada sazonalmente,PIMPF - Número-índice com ajuste sazonal (2012=100),Brasil - Produção industrial por setores
2003-07-01,7768594,Brasil - Produção industrial - Ajustada sazonalmente,IBGE/SIDRA,8159,Ajustada sazonalmente,PIMPF - Número-índice com ajuste sazonal (2012=100),Brasil - Produção industrial por setores
2003-08-01,7886944,Brasil - Produção industrial - Ajustada sazonalmente,IBGE/SIDRA,8159,Ajustada sazonalmente,PIMPF - Número-índice com ajuste sazonal (2012=100),Brasil - Produção industrial por setores
2003-09-01,8116714,Brasil - Produção industrial - Ajustada sazonalmente,IBGE/SIDRA,8159,Ajustada sazonalmente,PIMPF - Número-índice com ajuste sazonal (2012=100),Brasil - Produção industrial por setores
2003-10-01,8140657,Brasil - Produção industrial - Ajustada sazonalmente,IBGE/SIDRA,8159,Ajustada sazonalmente,PIMPF - Número-índice com ajuste sazonal (2012=100),Brasil - Produção industrial por setores
2003-11-01,8249603,Brasil - Produção industrial - Ajustada sazonalmente,IBGE/SIDRA,8159,Ajustada sazonalmente,PIMPF - Número-índice com ajuste sazonal (2012=100),Brasil - Produção industrial por setores
2003-12-01,8123962,Brasil - Produção industrial - Ajustada sazonalmente,IBGE/SIDRA,8159,Ajustada sazonalmente,PIMPF - Número-índice com ajuste sazonal (2012=100),Brasil - Produção industrial por setores
2004-01-01,8268161,Brasil - Produção industrial - Ajustada sazonalmente,IBGE/SIDRA,8159,Ajustada sazonalmente,PIMPF - Número-índice com ajuste sazonal (2012=100),Brasil - Produção industrial por setores
2004-02-01,8400708,Brasil - Produção industrial - Ajustada sazonalmente,IBGE/SIDRA,8159,Ajustada sazonalmente,PIMPF - Número-índice com ajuste sazonal (2012=100),Brasil - Produção industrial por setores
2004-03-01,8440682,Brasil - Produção industrial - Ajustada sazonalmente,IBGE/SIDRA,8159,Ajustada sazonalmente,PIMPF - Número-índice com ajuste sazonal (2012=100),Brasil - Produção industrial por setores
2004-04-01,8507814,Brasil - Produção industrial - Ajustada sazonalmente,IBGE/SIDRA,8159,Ajustada sazonalmente,PIMPF - Número-índice com ajuste sazonal (2012=100),Brasil - Produção industrial por setores
2004-05-01,8598882,Brasil - Produção industrial - Ajustada sazonalmente,IBGE/SIDRA,8159,Ajustada sazonalmente,PIMPF - Número-índice com ajuste sazonal (2012=100),Brasil - Produção industrial por setores
2004-06-01,8619628,Brasil - Produção industrial - Ajustada sazonalmente,IBGE/SIDRA,8159,Ajustada sazonalmente,PIMPF - Número-índice com ajuste sazonal (2012=100),Brasil - Produção industrial por setores
2004-07-01,8680077,Brasil - Produção industrial - Ajustada sazonalmente,IBGE/SIDRA,8159,Ajustada sazonalmente,PIMPF - Número-índice com ajuste sazonal (2012=100),Brasil - Produção industrial por setores
2004-08-01,8774739,Brasil - Produção industrial - Ajustada sazonalmente,IBGE/SIDRA,8159,Ajustada sazonalmente,PIMPF - Número-índice com ajuste sazonal (2012=100),Brasil - Produção industrial por setores
2004-09-01,8817670,Brasil - Produção industrial - Ajustada sazonalmente,IBGE/SIDRA,8159,Ajustada sazonalmente,PIMPF - Número-índice com ajuste sazonal (2012=100),Brasil - Produção industrial por setores
2004-10-01,8765520,Brasil - Produção industrial - Ajustada sazonalmente,IBGE/SIDRA,8159,Ajustada sazonalmente,PIMPF - Número-índice com ajuste sazonal (2012=100),Brasil - Produção industrial por setores
2004-11-01,8758561,Brasil - Produção industrial - Ajustada sazonalmente,IBGE/SIDRA,8159,Ajustada sazonalmente,PIMPF - Número-índice com ajuste sazonal (2012=100),Brasil - Produção industrial por setores
2004-12-01,8815408,Brasil - Produção industrial - Ajustada sazonalmente,IBGE/SIDRA,8159,Ajustada sazonalmente,PIMPF - Número-índice com ajuste sazonal (2012=100),Brasil - Produção industrial por setores
2005-01-01,8865074,Brasil - Produção industrial - Ajustada sazonalmente,IBGE/SIDRA,8159,Ajustada sazonalmente,PIMPF - Número-índice com ajuste sazonal (2012=100),Brasil - Produção industrial por setores
2005-02-01,8744761,Brasil - Produção industrial - Ajustada sazonalmente,IBGE/SIDRA,8159,Ajustada sazonalmente,PIMPF - Número-índice com ajuste sazonal (2012=100),Brasil - Produção industrial por setores
2005-03-01,8821628,Brasil - Produção industrial - Ajustada sazonalmente,IBGE/SIDRA,8159,Ajustada sazonalmente,PIMPF - Número-índice com ajuste sazonal (2012=100),Brasil - Produção industrial por setores
2005-04-01,8825649,Brasil - Produção industrial - Ajustada sazonalmente,IBGE/SIDRA,8159,Ajustada sazonalmente,PIMPF - Número-índice com ajuste sazonal (2012=100),Brasil - Produção industrial por setores
2005-05-01,9112804,Brasil - Produção industrial - Ajustada sazonalmente,IBGE/SIDRA,8159,Ajustada sazonalmente,PIMPF - Número-índice com ajuste sazonal (2012=100),Brasil - Produção industrial por setores
2005-06-01,8948238,Brasil - Produção industrial - Ajustada sazonalmente,IBGE/SIDRA,8159,Ajustada sazonalmente,PIMPF - Número-índice com ajuste sazonal (2012=100),Brasil - Produção industrial por setores
2005-07-01,8892640,Brasil - Produção industrial - Ajustada sazonalmente,IBGE/SIDRA,8159,Ajustada sazonalmente,PIMPF - Número-índice com ajuste sazonal (2012=100),Brasil - Produção industrial por setores
2005-08-01,8895802,Brasil - Produção industrial - Ajustada sazonalmente,IBGE/SIDRA,8159,Ajustada sazonalmente,PIMPF - Número-índice com ajuste sazonal (2012=100),Brasil - Produção industrial por setores
2005-09-01,8846709,Brasil - Produção industrial - Ajustada sazonalmente,IBGE/SIDRA,8159,Ajustada sazonalmente,PIMPF - Número-índice com ajuste sazonal (2012=100),Brasil - Produção industrial por setores
2005-10-01,8793163,Brasil - Produção industrial - Ajustada sazonalmente,IBGE/SIDRA,8159,Ajustada sazonalmente,PIMPF - Número-índice com ajuste sazonal (2012=100),Brasil - Produção industrial por setores
2005-11-01,8882715,Brasil - Produção industrial - Ajustada sazonalmente,IBGE/SIDRA,8159,Ajustada sazonalmente,PIMPF - Número-índice com ajuste sazonal (2012=100),Brasil - Produção industrial por setores
2005-12-01,9027582,Brasil - Produção industrial - Ajustada sazonalmente,IBGE/SIDRA,8159,Ajustada sazonalmente,PIMPF - Número-índice com ajuste sazonal (2012=100),Brasil - Produção industrial por setores
2006-01-01,9063240,Brasil - Produção industrial - Ajustada sazonalmente,IBGE/SIDRA,8159,Ajustada sazonalmente,PIMPF - Número-índice com ajuste sazonal (2012=100),Brasil - Produção industrial por setores
2006-02-01,9138127,Brasil - Produção industrial - Ajustada sazonalmente,IBGE/SIDRA,8159,Ajustada sazonalmente,PIMPF - Número-índice com ajuste sazonal (2012=100),Brasil - Produção industrial por setores
2006-03-01,9076495,Brasil - Produção industrial - Ajustada sazonalmente,IBGE/SIDRA,8159,Ajustada sazonalmente,PIMPF - Número-índice com ajuste sazonal (2012=100),Brasil - Produção industrial por setores
2006-04-01,9132036,Brasil - Produção industrial - Ajustada sazonalmente,IBGE/SIDRA,8159,Ajustada sazonalmente,PIMPF - Número-índice com ajuste sazonal (2012=100),Brasil - Produção industrial por setores
2006-05-01,9189404,Brasil - Produção industrial - Ajustada sazonalmente,IBGE/SIDRA,8159,Ajustada sazonalmente,PIMPF - Número-índice com ajuste sazonal (2012=100),Brasil - Produção industrial por setores
2006-06-01,9058413,Brasil - Produção industrial - Ajustada sazonalmente,IBGE/SIDRA,8159,Ajustada sazonalmente,PIMPF - Número-índice com ajuste sazonal (2012=100),Brasil - Produção industrial por setores
2006-07-01,9145503,Brasil - Produção industrial - Ajustada sazonalmente,IBGE/SIDRA,8159,Ajustada sazonalmente,PIMPF - Número-índice com ajuste sazonal (2012=100),Brasil - Produção industrial por setores
2006-08-01,9125077,Brasil - Produção industrial - Ajustada sazonalmente,IBGE/SIDRA,8159,Ajustada sazonalmente,PIMPF - Número-índice com ajuste sazonal (2012=100),Brasil - Produção industrial por setores
2006-09-01,9060485,Brasil - Produção industrial - Ajustada sazonalmente,IBGE/SIDRA,8159,Ajustada sazonalmente,PIMPF - Número-índice com ajuste sazonal (2012=100),Brasil - Produção industrial por setores
2006-10-01,9100874,Brasil - Produção industrial - Ajustada sazonalmente,IBGE/SIDRA,8159,Ajustada sazonalmente,PIMPF - Número-índice com ajuste sazonal (2012=100),Brasil - Produção industrial por setores
2006-11-01,9226409,Brasil - Produção industrial - Ajustada sazonalmente,IBGE/SIDRA,8159,Ajustada sazonalmente,PIMPF - Número-índice com ajuste sazonal (2012=100),Brasil - Produção industrial por setores
2006-12-01,9294637,Brasil - Produção industrial - Ajustada sazonalmente,IBGE/SIDRA,8159,Ajustada sazonalmente,PIMPF - Número-índice com ajuste sazonal (2012=100),Brasil - Produção industrial por setores
2007-01-01,9268095,Brasil - Produção industrial - Ajustada sazonalmente,IBGE/SIDRA,8159,Ajustada sazonalmente,PIMPF - Número-índice com ajuste sazonal (2012=100),Brasil - Produção industrial por setores
2007-02-01,9388550,Brasil - Produção industrial - Ajustada sazonalmente,IBGE/SIDRA,8159,Ajustada sazonalmente,PIMPF - Número-índice com ajuste sazonal (2012=100),Brasil - Produção industrial por setores
2007-03-01,9506325,Brasil - Produção industrial - Ajustada sazonalmente,IBGE/SIDRA,8159,Ajustada sazonalmente,PIMPF - Número-índice com ajuste sazonal (2012=100),Brasil - Produção industrial por setores
2007-04-01,9602419,Brasil - Produção industrial - Ajustada sazonalmente,IBGE/SIDRA,8159,Ajustada sazonalmente,PIMPF - Número-índice com ajuste sazonal (2012=100),Brasil - Produção industrial por setores
2007-05-01,9626391,Brasil - Produção industrial - Ajustada sazonalmente,IBGE/SIDRA,8159,Ajustada sazonalmente,PIMPF - Número-índice com ajuste sazonal (2012=100),Brasil - Produção industrial por setores
2007-06-01,9686990,Brasil - Produção industrial - Ajustada sazonalmente,IBGE/SIDRA,8159,Ajustada sazonalmente,PIMPF - Número-índice com ajuste sazonal (2012=100),Brasil - Produção industrial por setores
2007-07-01,9652336,Brasil - Produção industrial - Ajustada sazonalmente,IBGE/SIDRA,8159,Ajustada sazonalmente,PIMPF - Número-índice com ajuste sazonal (2012=100),Brasil - Produção industrial por setores
2007-08-01,9784772,Brasil - Produção industrial - Ajustada sazonalmente,IBGE/SIDRA,8159,Ajustada sazonalmente,PIMPF - Número-índice com ajuste sazonal (2012=100),Brasil - Produção industrial por setores
2007-09-01,9723929,Brasil - Produção industrial - Ajustada sazonalmente,IBGE/SIDRA,8159,Ajustada sazonalmente,PIMPF - Número-índice com ajuste sazonal (2012=100),Brasil - Produção industrial por setores
2007-10-01,9947879,Brasil - Produção industrial - Ajustada sazonalmente,IBGE/SIDRA,8159,Ajustada sazonalmente,PIMPF - Número-índice com ajuste sazonal (2012=100),Brasil - Produção industrial por setores
2007-11-01,9857515,Brasil - Produção industrial - Ajustada sazonalmente,IBGE/SIDRA,8159,Ajustada sazonalmente,PIMPF - Número-índice com ajuste sazonal (2012=100),Brasil - Produção industrial por setores
2007-12-01,9893791,Brasil - Produção industrial - Ajustada sazonalmente,IBGE/SIDRA,8159,Ajustada sazonalmente,PIMPF - Número-índice com ajuste sazonal (2012=100),Brasil - Produção industrial por setores
2008-01-01,10050035,Brasil - Produção industrial - Ajustada sazonalmente,IBGE/SIDRA,8159,Ajustada sazonalmente,PIMPF - Número-índice com ajuste sazonal (2012=100),Brasil - Produção industrial por setores
2008-02-01,10020855,Brasil - Produção industrial - Ajustada sazonalmente,IBGE/SIDRA,8159,Ajustada sazonalmente,PIMPF - Número-índice com ajuste sazonal (2012=100),Brasil - Produção industrial por setores
2008-03-01,10061389,Brasil - Produção industrial - Ajustada sazonalmente,IBGE/SIDRA,8159,Ajustada sazonalmente,PIMPF - Número-índice com ajuste sazonal (2012=100),Brasil - Produção industrial por setores
2008-04-01,10058571,Brasil - Produção industrial - Ajustada sazonalmente,IBGE/SIDRA,8159,Ajustada sazonalmente,PIMPF - Número-índice com ajuste sazonal (2012=100),Brasil - Produção industrial por setores
2008-05-01,10120903,Brasil - Produção industrial - Ajustada sazonalmente,IBGE/SIDRA,8159,Ajustada sazonalmente,PIMPF - Número-índice com ajuste sazonal (2012=100),Brasil - Produção industrial por setores
2008-06-01,10275123,Brasil - Produção industrial - Ajustada sazonalmente,IBGE/SIDRA,8159,Ajustada sazonalmente,PIMPF - Número-índice com ajuste sazonal (2012=100),Brasil - Produção industrial por setores
2008-07-01,10308605,Brasil - Produção industrial - Ajustada sazonalmente,IBGE/SIDRA,8159,Ajustada sazonalmente,PIMPF - Número-índice com ajuste sazonal (2012=100),Brasil - Produção industrial por setores
2008-08-01,10199914,Brasil - Produção industrial - Ajustada sazonalmente,IBGE/SIDRA,8159,Ajustada sazonalmente,PIMPF - Número-índice com ajuste sazonal (2012=100),Brasil - Produção industrial por setores
2008-09-01,10331295,Brasil - Produção industrial - Ajustada sazonalmente,IBGE/SIDRA,8159,Ajustada sazonalmente,PIMPF - Número-índice com ajuste sazonal (2012=100),Brasil - Produção industrial por setores
2008-10-01,10015574,Brasil - Produção industrial - Ajustada sazonalmente,IBGE/SIDRA,8159,Ajustada sazonalmente,PIMPF - Número-índice com ajuste sazonal (2012=100),Brasil - Produção industrial por setores
2008-11-01,9435613,Brasil - Produção industrial - Ajustada sazonalmente,IBGE/SIDRA,8159,Ajustada sazonalmente,PIMPF - Número-índice com ajuste sazonal (2012=100),Brasil - Produção industrial por setores
2008-12-01,8376265,Brasil - Produção industrial - Ajustada sazonalmente,IBGE/SIDRA,8159,Ajustada sazonalmente,PIMPF - Número-índice com ajuste sazonal (2012=100),Brasil - Produção industrial por setores
2009-01-01,8555094,Brasil - Produção industrial - Ajustada sazonalmente,IBGE/SIDRA,8159,Ajustada sazonalmente,PIMPF - Número-índice com ajuste sazonal (2012=100),Brasil - Produção industrial por setores
2009-02-01,8762789,Brasil - Produção industrial - Ajustada sazonalmente,IBGE/SIDRA,8159,Ajustada sazonalmente,PIMPF - Número-índice com ajuste sazonal (2012=100),Brasil - Produção industrial por setores
2009-03-01,8794996,Brasil - Produção industrial - Ajustada sazonalmente,IBGE/SIDRA,8159,Ajustada sazonalmente,PIMPF - Número-índice com ajuste sazonal (2012=100),Brasil - Produção industrial por setores
2009-04-01,8912990,Brasil - Produção industrial - Ajustada sazonalmente,IBGE/SIDRA,8159,Ajustada sazonalmente,PIMPF - Número-índice com ajuste sazonal (2012=100),Brasil - Produção industrial por setores
2009-05-01,9034041,Brasil - Produção industrial - Ajustada sazonalmente,IBGE/SIDRA,8159,Ajustada sazonalmente,PIMPF - Número-índice com ajuste sazonal (2012=100),Brasil - Produção industrial por setores
2009-06-01,9144868,Brasil - Produção industrial - Ajustada sazonalmente,IBGE/SIDRA,8159,Ajustada sazonalmente,PIMPF - Número-índice com ajuste sazonal (2012=100),Brasil - Produção industrial por setores
2009-07-01,9261096,Brasil - Produção industrial - Ajustada sazonalmente,IBGE/SIDRA,8159,Ajustada sazonalmente,PIMPF - Número-índice com ajuste sazonal (2012=100),Brasil - Produção industrial por setores
2009-08-01,9414816,Brasil - Produção industrial - Ajustada sazonalmente,IBGE/SIDRA,8159,Ajustada sazonalmente,PIMPF - Número-índice com ajuste sazonal (2012=100),Brasil - Produção industrial por setores
2009-09-01,9555942,Brasil - Produção industrial - Ajustada sazonalmente,IBGE/SIDRA,8159,Ajustada sazonalmente,PIMPF - Número-índice com ajuste sazonal (2012=100),Brasil - Produção industrial por setores
2009-10-01,9743541,Brasil - Produção industrial - Ajustada sazonalmente,IBGE/SIDRA,8159,Ajustada sazonalmente,PIMPF - Número-índice com ajuste sazonal (2012=100),Brasil - Produção industrial por setores
2009-11-01,9879425,Brasil - Produção industrial - Ajustada sazonalmente,IBGE/SIDRA,8159,Ajustada sazonalmente,PIMPF - Número-índice com ajuste sazonal (2012=100),Brasil - Produção industrial por setores
2009-12-01,9913914,Brasil - Produção industrial - Ajustada sazonalmente,IBGE/SIDRA,8159,Ajustada sazonalmente,PIMPF - Número-índice com ajuste sazonal (2012=100),Brasil - Produção industrial por setores
2010-01-01,10069652,Brasil - Produção industrial - Ajustada sazonalmente,IBGE/SIDRA,8159,Ajustada sazonalmente,PIMPF - Número-índice com ajuste sazonal (2012=100),Brasil - Produção industrial por setores
2010-02-01,10053122,Brasil - Produção industrial - Ajustada sazonalmente,IBGE/SIDRA,8159,Ajustada sazonalmente,PIMPF - Número-índice com ajuste sazonal (2012=100),Brasil - Produção industrial por setores
2010-03-01,10270187,Brasil - Produção industrial - Ajustada sazonalmente,IBGE/SIDRA,8159,Ajustada sazonalmente,PIMPF - Número-índice com ajuste sazonal (2012=100),Brasil - Produção industrial por setores
2010-04-01,10310759,Brasil - Produção industrial - Ajustada sazonalmente,IBGE/SIDRA,8159,Ajustada sazonalmente,PIMPF - Número-índice com ajuste sazonal (2012=100),Brasil - Produção industrial por setores
2010-05-01,10290430,Brasil - Produção industrial - Ajustada sazonalmente,IBGE/SIDRA,8159,Ajustada sazonalmente,PIMPF - Número-índice com ajuste sazonal (2012=100),Brasil - Produção industrial por setores
2010-06-01,10242447,Brasil - Produção industrial - Ajustada sazonalmente,IBGE/SIDRA,8159,Ajustada sazonalmente,PIMPF - Número-índice com ajuste sazonal (2012=100),Brasil - Produção industrial por setores
2010-07-01,10177692,Brasil - Produção industrial - Ajustada sazonalmente,IBGE/SIDRA,8159,Ajustada sazonalmente,PIMPF - Número-índice com ajuste sazonal (2012=100),Brasil - Produção industrial por setores
2010-08-01,10147304,Brasil - Produção industrial - Ajustada sazonalmente,IBGE/SIDRA,8159,Ajustada sazonalmente,PIMPF - Número-índice com ajuste sazonal (2012=100),Brasil - Produção industrial por setores
2010-09-01,10173197,Brasil - Produção industrial - Ajustada sazonalmente,IBGE/SIDRA,8159,Ajustada sazonalmente,PIMPF - Número-índice com ajuste sazonal (2012=100),Brasil - Produção industrial por setores
2010-10-01,10149782,Brasil - Produção industrial - Ajustada sazonalmente,IBGE/SIDRA,8159,Ajustada sazonalmente,PIMPF - Número-índice com ajuste sazonal (2012=100),Brasil - Produção industrial por setores
2010-11-01,10211030,Brasil - Produção industrial - Ajustada sazonalmente,IBGE/SIDRA,8159,Ajustada sazonalmente,PIMPF - Número-índice com ajuste sazonal (2012=100),Brasil - Produção industrial por setores
2010-12-01,10261591,Brasil - Produção industrial - Ajustada sazonalmente,IBGE/SIDRA,8159,Ajustada sazonalmente,PIMPF - Número-índice com ajuste sazonal (2012=100),Brasil - Produção industrial por setores
2011-01-01,10298096,Brasil - Produção industrial - Ajustada sazonalmente,IBGE/SIDRA,8159,Ajustada sazonalmente,PIMPF - Número-índice com ajuste sazonal (2012=100),Brasil - Produção industrial por setores
2011-02-01,10414364,Brasil - Produção industrial - Ajustada sazonalmente,IBGE/SIDRA,8159,Ajustada sazonalmente,PIMPF - Número-índice com ajuste sazonal (2012=100),Brasil - Produção industrial por setores
2011-03-01,10460019,Brasil - Produção industrial - Ajustada sazonalmente,IBGE/SIDRA,8159,Ajustada sazonalmente,PIMPF - Número-índice com ajuste sazonal (2012=100),Brasil - Produção industrial por setores
2011-04-01,10197800,Brasil - Produção industrial - Ajustada sazonalmente,IBGE/SIDRA,8159,Ajustada sazonalmente,PIMPF - Número-índice com ajuste sazonal (2012=100),Brasil - Produção industrial por setores
2011-05-01,10499830,Brasil - Produção industrial - Ajustada sazonalmente,IBGE/SIDRA,8159,Ajustada sazonalmente,PIMPF - Número-índice com ajuste sazonal (2012=100),Brasil - Produção industrial por setores
2011-06-01,10297621,Brasil - Produção industrial - Ajustada sazonalmente,IBGE/SIDRA,8159,Ajustada sazonalmente,PIMPF - Número-índice com ajuste sazonal (2012=100),Brasil - Produção industrial por setores
2011-07-01,10294037,Brasil - Produção industrial - Ajustada sazonalmente,IBGE/SIDRA,8159,Ajustada sazonalmente,PIMPF - Número-índice com ajuste sazonal (2012=100),Brasil - Produção industrial por setores
2011-08-01,10195058,Brasil - Produção industrial - Ajustada sazonalmente,IBGE/SIDRA,8159,Ajustada sazonalmente,PIMPF - Número-índice com ajuste sazonal (2012=100),Brasil - Produção industrial por setores
2011-09-01,10037017,Brasil - Produção industrial - Ajustada sazonalmente,IBGE/SIDRA,8159,Ajustada sazonalmente,PIMPF - Número-índice com ajuste sazonal (2012=100),Brasil - Produção industrial por setores
2011-10-01,9940491,Brasil - Produção industrial - Ajustada sazonalmente,IBGE/SIDRA,8159,Ajustada sazonalmente,PIMPF - Número-índice com ajuste sazonal (2012=100),Brasil - Produção industrial por setores
2011-11-01,9983213,Brasil - Produção industrial - Ajustada sazonalmente,IBGE/SIDRA,8159,Ajustada sazonalmente,PIMPF - Número-índice com ajuste sazonal (2012=100),Brasil - Produção industrial por setores
2011-12-01,10243796,Brasil - Produção industrial - Ajustada sazonalmente,IBGE/SIDRA,8159,Ajustada sazonalmente,PIMPF - Número-índice com ajuste sazonal (2012=100),Brasil - Produção industrial por setores
2012-01-01,9809323,Brasil - Produção industrial - Ajustada sazonalmente,IBGE/SIDRA,8159,Ajustada sazonalmente,PIMPF - Número-índice com ajuste sazonal (2012=100),Brasil - Produção industrial por setores
2012-02-01,9887658,Brasil - Produção industrial - Ajustada sazonalmente,IBGE/SIDRA,8159,Ajustada sazonalmente,PIMPF - Número-índice com ajuste sazonal (2012=100),Brasil - Produção industrial por setores
2012-03-01,9832301,Brasil - Produção industrial - Ajustada sazonalmente,IBGE/SIDRA,8159,Ajustada sazonalmente,PIMPF - Número-índice com ajuste sazonal (2012=100),Brasil - Produção industrial por setores
2012-04-01,9837943,Brasil - Produção industrial - Ajustada sazonalmente,IBGE/SIDRA,8159,Ajustada sazonalmente,PIMPF - Número-índice com ajuste sazonal (2012=100),Brasil - Produção industrial por setores
2012-05-01,9886984,Brasil - Produção industrial - Ajustada sazonalmente,IBGE/SIDRA,8159,Ajustada sazonalmente,PIMPF - Número-índice com ajuste sazonal (2012=100),Brasil - Produção industrial por setores
2012-06-01,9908899,Brasil - Produção industrial - Ajustada sazonalmente,IBGE/SIDRA,8159,Ajustada sazonalmente,PIMPF - Número-índice com ajuste sazonal (2012=100),Brasil - Produção industrial por setores
2012-07-01,10041761,Brasil - Produção industrial - Ajustada sazonalmente,IBGE/SIDRA,8159,Ajustada sazonalmente,PIMPF - Número-índice com ajuste sazonal (2012=100),Brasil - Produção industrial por setores
2012-08-01,10239484,Brasil - Produção industrial - Ajustada sazonalmente,IBGE/SIDRA,8159,Ajustada sazonalmente,PIMPF - Número-índice com ajuste sazonal (2012=100),Brasil - Produção industrial por setores
2012-09-01,10066568,Brasil - Produção industrial - Ajustada sazonalmente,IBGE/SIDRA,8159,Ajustada sazonalmente,PIMPF - Número-índice com ajuste sazonal (2012=100),Brasil - Produção industrial por setores
2012-10-01,10202785,Brasil - Produção industrial - Ajustada sazonalmente,IBGE/SIDRA,8159,Ajustada sazonalmente,PIMPF - Número-índice com ajuste sazonal (2012=100),Brasil - Produção industrial por setores
2012-11-01,10063826,Brasil - Produção industrial - Ajustada sazonalmente,IBGE/SIDRA,8159,Ajustada sazonalmente,PIMPF - Número-índice com ajuste sazonal (2012=100),Brasil - Produção industrial por setores
2012-12-01,10134440,Brasil - Produção industrial - Ajustada sazonalmente,IBGE/SIDRA,8159,Ajustada sazonalmente,PIMPF - Número-índice com ajuste sazonal (2012=100),Brasil - Produção industrial por setores
2013-01-01,10224891,Brasil - Produção industrial - Ajustada sazonalmente,IBGE/SIDRA,8159,Ajustada sazonalmente,PIMPF - Número-índice com ajuste sazonal (2012=100),Brasil - Produção industrial por setores
2013-02-01,9949048,Brasil - Produção industrial - Ajustada sazonalmente,IBGE/SIDRA,8159,Ajustada sazonalmente,PIMPF - Número-índice com ajuste sazonal (2012=100),Brasil - Produção industrial por setores
2013-03-01,10137968,Brasil - Produção industrial - Ajustada sazonalmente,IBGE/SIDRA,8159,Ajustada sazonalmente,PIMPF - Número-índice com ajuste sazonal (2012=100),Brasil - Produção industrial por setores
2013-04-01,10295730,Brasil - Produção industrial - Ajustada sazonalmente,IBGE/SIDRA,8159,Ajustada sazonalmente,PIMPF - Número-índice com ajuste sazonal (2012=100),Brasil - Produção industrial por setores
2013-05-01,10269824,Brasil - Produção industrial - Ajustada sazonalmente,IBGE/SIDRA,8159,Ajustada sazonalmente,PIMPF - Número-índice com ajuste sazonal (2012=100),Brasil - Produção industrial por setores
2013-06-01,10327458,Brasil - Produção industrial - Ajustada sazonalmente,IBGE/SIDRA,8159,Ajustada sazonalmente,PIMPF - Número-índice com ajuste sazonal (2012=100),Brasil - Produção industrial por setores
2013-07-01,10257620,Brasil - Produção industrial - Ajustada sazonalmente,IBGE/SIDRA,8159,Ajustada sazonalmente,PIMPF - Número-índice com ajuste sazonal (2012=100),Brasil - Produção industrial por setores
2013-08-01,10275108,Brasil - Produção industrial - Ajustada sazonalmente,IBGE/SIDRA,8159,Ajustada sazonalmente,PIMPF - Número-índice com ajuste sazonal (2012=100),Brasil - Produção industrial por setores
2013-09-01,10335408,Brasil - Produção industrial - Ajustada sazonalmente,IBGE/SIDRA,8159,Ajustada sazonalmente,PIMPF - Número-índice com ajuste sazonal (2012=100),Brasil - Produção industrial por setores
2013-10-01,10218836,Brasil - Produção industrial - Ajustada sazonalmente,IBGE/SIDRA,8159,Ajustada sazonalmente,PIMPF - Número-índice com ajuste sazonal (2012=100),Brasil - Produção industrial por setores
2013-11-01,10280458,Brasil - Produção industrial - Ajustada sazonalmente,IBGE/SIDRA,8159,Ajustada sazonalmente,PIMPF - Número-índice com ajuste sazonal (2012=100),Brasil - Produção industrial por setores
2013-12-01,9908478,Brasil - Produção industrial - Ajustada sazonalmente,IBGE/SIDRA,8159,Ajustada sazonalmente,PIMPF - Número-índice com ajuste sazonal (2012=100),Brasil - Produção industrial por setores
2014-01-01,10084851,Brasil - Produção industrial - Ajustada sazonalmente,IBGE/SIDRA,8159,Ajustada sazonalmente,PIMPF - Número-índice com ajuste sazonal (2012=100),Brasil - Produção industrial por setores
2014-02-01,10126558,Brasil - Produção industrial - Ajustada sazonalmente,IBGE/SIDRA,8159,Ajustada sazonalmente,PIMPF - Número-índice com ajuste sazonal (2012=100),Brasil - Produção industrial por setores
2014-03-01,10101308,Brasil - Produção industrial - Ajustada sazonalmente,IBGE/SIDRA,8159,Ajustada sazonalmente,PIMPF - Número-índice com ajuste sazonal (2012=100),Brasil - Produção industrial por setores
2014-04-01,10013102,Brasil - Produção industrial - Ajustada sazonalmente,IBGE/SIDRA,8159,Ajustada sazonalmente,PIMPF - Número-índice com ajuste sazonal (2012=100),Brasil - Produção industrial por setores
2014-05-01,9911981,Brasil - Produção industrial - Ajustada sazonalmente,IBGE/SIDRA,8159,Ajustada sazonalmente,PIMPF - Número-índice com ajuste sazonal (2012=100),Brasil - Produção industrial por setores
2014-06-01,9618941,Brasil - Produção industrial - Ajustada sazonalmente,IBGE/SIDRA,8159,Ajustada sazonalmente,PIMPF - Número-índice com ajuste sazonal (2012=100),Brasil - Produção industrial por setores
2014-07-01,9864937,Brasil - Produção industrial - Ajustada sazonalmente,IBGE/SIDRA,8159,Ajustada sazonalmente,PIMPF - Número-índice com ajuste sazonal (2012=100),Brasil - Produção industrial por setores
2014-08-01,9906094,Brasil - Produção industrial - Ajustada sazonalmente,IBGE/SIDRA,8159,Ajustada sazonalmente,PIMPF - Número-índice com ajuste sazonal (2012=100),Brasil - Produção industrial por setores
2014-09-01,9919194,Brasil - Produção industrial - Ajustada sazonalmente,IBGE/SIDRA,8159,Ajustada sazonalmente,PIMPF - Número-índice com ajuste sazonal (2012=100),Brasil - Produção industrial por setores
2014-10-01,9928015,Brasil - Produção industrial - Ajustada sazonalmente,IBGE/SIDRA,8159,Ajustada sazonalmente,PIMPF - Número-índice com ajuste sazonal (2012=100),Brasil - Produção industrial por setores
2014-11-01,9853516,Brasil - Produção industrial - Ajustada sazonalmente,IBGE/SIDRA,8159,Ajustada sazonalmente,PIMPF - Número-índice com ajuste sazonal (2012=100),Brasil - Produção industrial por setores
2014-12-01,9559776,Brasil - Produção industrial - Ajustada sazonalmente,IBGE/SIDRA,8159,Ajustada sazonalmente,PIMPF - Número-índice com ajuste sazonal (2012=100),Brasil - Produção industrial por setores
2015-01-01,9619230,Brasil - Produção industrial - Ajustada sazonalmente,IBGE/SIDRA,8159,Ajustada sazonalmente,PIMPF - Número-índice com ajuste sazonal (2012=100),Brasil - Produção industrial por setores
2015-02-01,9547523,Brasil - Produção industrial - Ajustada sazonalmente,IBGE/SIDRA,8159,Ajustada sazonalmente,PIMPF - Número-índice com ajuste sazonal (2012=100),Brasil - Produção industrial por setores
2015-03-01,9492877,Brasil - Produção industrial - Ajustada sazonalmente,IBGE/SIDRA,8159,Ajustada sazonalmente,PIMPF - Número-índice com ajuste sazonal (2012=100),Brasil - Produção industrial por setores
2015-04-01,9308897,Brasil - Produção industrial - Ajustada sazonalmente,IBGE/SIDRA,8159,Ajustada sazonalmente,PIMPF - Número-índice com ajuste sazonal (2012=100),Brasil - Produção industrial por setores
2015-05-01,9221915,Brasil - Produção industrial - Ajustada sazonalmente,IBGE/SIDRA,8159,Ajustada sazonalmente,PIMPF - Número-índice com ajuste sazonal (2012=100),Brasil - Produção industrial por setores
2015-06-01,9127913,Brasil - Produção industrial - Ajustada sazonalmente,IBGE/SIDRA,8159,Ajustada sazonalmente,PIMPF - Número-índice com ajuste sazonal (2012=100),Brasil - Produção industrial por setores
2015-07-01,8967901,Brasil - Produção industrial - Ajustada sazonalmente,IBGE/SIDRA,8159,Ajustada sazonalmente,PIMPF - Número-índice com ajuste sazonal (2012=100),Brasil - Produção industrial por setores
2015-08-01,9016209,Brasil - Produção industrial - Ajustada sazonalmente,IBGE/SIDRA,8159,Ajustada sazonalmente,PIMPF - Número-índice com ajuste sazonal (2012=100),Brasil - Produção industrial por setores
2015-09-01,8811510,Brasil - Produção industrial - Ajustada sazonalmente,IBGE/SIDRA,8159,Ajustada sazonalmente,PIMPF - Número-índice com ajuste sazonal (2012=100),Brasil - Produção industrial por setores
2015-10-01,8793551,Brasil - Produção industrial - Ajustada sazonalmente,IBGE/SIDRA,8159,Ajustada sazonalmente,PIMPF - Número-índice com ajuste sazonal (2012=100),Brasil - Produção industrial por setores
2015-11-01,8639855,Brasil - Produção industrial - Ajustada sazonalmente,IBGE/SIDRA,8159,Ajustada sazonalmente,PIMPF - Número-índice com ajuste sazonal (2012=100),Brasil - Produção industrial por setores
2015-12-01,8505906,Brasil - Produção industrial - Ajustada sazonalmente,IBGE/SIDRA,8159,Ajustada sazonalmente,PIMPF - Número-índice com ajuste sazonal (2012=100),Brasil - Produção industrial por setores
2016-01-01,8595620,Brasil - Produção industrial - Ajustada sazonalmente,IBGE/SIDRA,8159,Ajustada sazonalmente,PIMPF - Número-índice com ajuste sazonal (2012=100),Brasil - Produção industrial por setores
2016-02-01,8497639,Brasil - Produção industrial - Ajustada sazonalmente,IBGE/SIDRA,8159,Ajustada sazonalmente,PIMPF - Número-índice com ajuste sazonal (2012=100),Brasil - Produção industrial por setores
2016-03-01,8541739,Brasil - Produção industrial - Ajustada sazonalmente,IBGE/SIDRA,8159,Ajustada sazonalmente,PIMPF - Número-índice com ajuste sazonal (2012=100),Brasil - Produção industrial por setores
2016-04-01,8546731,Brasil - Produção industrial - Ajustada sazonalmente,IBGE/SIDRA,8159,Ajustada sazonalmente,PIMPF - Número-índice com ajuste sazonal (2012=100),Brasil - Produção industrial por setores
2016-05-01,8564959,Brasil - Produção industrial - Ajustada sazonalmente,IBGE/SIDRA,8159,Ajustada sazonalmente,PIMPF - Número-índice com ajuste sazonal (2012=100),Brasil - Produção industrial por setores
2016-06-01,8473190,Brasil - Produção industrial - Ajustada sazonalmente,IBGE/SIDRA,8159,Ajustada sazonalmente,PIMPF - Número-índice com ajuste sazonal (2012=100),Brasil - Produção industrial por setores
2016-07-01,8530616,Brasil - Produção industrial - Ajustada sazonalmente,IBGE/SIDRA,8159,Ajustada sazonalmente,PIMPF - Número-índice com ajuste sazonal (2012=100),Brasil - Produção industrial por setores
2016-08-01,8360989,Brasil - Produção industrial - Ajustada sazonalmente,IBGE/SIDRA,8159,Ajustada sazonalmente,PIMPF - Número-índice com ajuste sazonal (2012=100),Brasil - Produção industrial por setores
2016-09-01,8446721,Brasil - Produção industrial - Ajustada sazonalmente,IBGE/SIDRA,8159,Ajustada sazonalmente,PIMPF - Número-índice com ajuste sazonal (2012=100),Brasil - Produção industrial por setores
2016-10-01,8339647,Brasil - Produção industrial - Ajustada sazonalmente,IBGE/SIDRA,8159,Ajustada sazonalmente,PIMPF - Número-índice com ajuste sazonal (2012=100),Brasil - Produção industrial por setores
2016-11-01,8419202,Brasil - Produção industrial - Ajustada sazonalmente,IBGE/SIDRA,8159,Ajustada sazonalmente,PIMPF - Número-índice com ajuste sazonal (2012=100),Brasil - Produção industrial por setores
2016-12-01,8556174,Brasil - Produção industrial - Ajustada sazonalmente,IBGE/SIDRA,8159,Ajustada sazonalmente,PIMPF - Número-índice com ajuste sazonal (2012=100),Brasil - Produção industrial por setores
2017-01-01,8618953,Brasil - Produção industrial - Ajustada sazonalmente,IBGE/SIDRA,8159,Ajustada sazonalmente,PIMPF - Número-índice com ajuste sazonal (2012=100),Brasil - Produção industrial por setores
2017-02-01,8740096,Brasil - Produção industrial - Ajustada sazonalmente,IBGE/SIDRA,8159,Ajustada sazonalmente,PIMPF - Número-índice com ajuste sazonal (2012=100),Brasil - Produção industrial por setores
2017-03-01,8569221,Brasil - Produção industrial - Ajustada sazonalmente,IBGE/SIDRA,8159,Ajustada sazonalmente,PIMPF - Número-índice com ajuste sazonal (2012=100),Brasil - Produção industrial por setores
2017-04-01,8586223,Brasil - Produção industrial - Ajustada sazonalmente,IBGE/SIDRA,8159,Ajustada sazonalmente,PIMPF - Número-índice com ajuste sazonal (2012=100),Brasil - Produção industrial por setores
2017-05-01,8611421,Brasil - Produção industrial - Ajustada sazonalmente,IBGE/SIDRA,8159,Ajustada sazonalmente,PIMPF - Número-índice com ajuste sazonal (2012=100),Brasil - Produção industrial por setores
2017-06-01,8680805,Brasil - Produção industrial - Ajustada sazonalmente,IBGE/SIDRA,8159,Ajustada sazonalmente,PIMPF - Número-índice com ajuste sazonal (2012=100),Brasil - Produção industrial por setores
2017-07-01,8708862,Brasil - Produção industrial - Ajustada sazonalmente,IBGE/SIDRA,8159,Ajustada sazonalmente,PIMPF - Número-índice com ajuste sazonal (2012=100),Brasil - Produção industrial por setores
2017-08-01,8707920,Brasil - Produção industrial - Ajustada sazonalmente,IBGE/SIDRA,8159,Ajustada sazonalmente,PIMPF - Número-índice com ajuste sazonal (2012=100),Brasil - Produção industrial por setores
2017-09-01,8746627,Brasil - Produção industrial - Ajustada sazonalmente,IBGE/SIDRA,8159,Ajustada sazonalmente,PIMPF - Número-índice com ajuste sazonal (2012=100),Brasil - Produção industrial por setores
2017-10-01,8822461,Brasil - Produção industrial - Ajustada sazonalmente,IBGE/SIDRA,8159,Ajustada sazonalmente,PIMPF - Número-índice com ajuste sazonal (2012=100),Brasil - Produção industrial por setores
2017-11-01,8858937,Brasil - Produção industrial - Ajustada sazonalmente,IBGE/SIDRA,8159,Ajustada sazonalmente,PIMPF - Número-índice com ajuste sazonal (2012=100),Brasil - Produção industrial por setores
2017-12-01,9125236,Brasil - Produção industrial - Ajustada sazonalmente,IBGE/SIDRA,8159,Ajustada sazonalmente,PIMPF - Número-índice com ajuste sazonal (2012=100),Brasil - Produção industrial por setores
2018-01-01,8892362,Brasil - Produção industrial - Ajustada sazonalmente,IBGE/SIDRA,8159,Ajustada sazonalmente,PIMPF - Número-índice com ajuste sazonal (2012=100),Brasil - Produção industrial por setores
2018-02-01,8864075,Brasil - Produção industrial - Ajustada sazonalmente,IBGE/SIDRA,8159,Ajustada sazonalmente,PIMPF - Número-índice com ajuste sazonal (2012=100),Brasil - Produção industrial por setores
2018-03-01,8968454,Brasil - Produção industrial - Ajustada sazonalmente,IBGE/SIDRA,8159,Ajustada sazonalmente,PIMPF - Número-índice com ajuste sazonal (2012=100),Brasil - Produção industrial por setores
2018-04-01,8994947,Brasil - Produção industrial - Ajustada sazonalmente,IBGE/SIDRA,8159,Ajustada sazonalmente,PIMPF - Número-índice com ajuste sazonal (2012=100),Brasil - Produção industrial por setores
2018-05-01,8011818,Brasil - Produção industrial - Ajustada sazonalmente,IBGE/SIDRA,8159,Ajustada sazonalmente,PIMPF - Número-índice com ajuste sazonal (2012=100),Brasil - Produção industrial por setores
2018-06-01,9011017,Brasil - Produção industrial - Ajustada sazonalmente,IBGE/SIDRA,8159,Ajustada sazonalmente,PIMPF - Número-índice com ajuste sazonal (2012=100),Brasil - Produção industrial por setores
2018-07-01,8976923,Brasil - Produção industrial - Ajustada sazonalmente,IBGE/SIDRA,8159,Ajustada sazonalmente,PIMPF - Número-índice com ajuste sazonal (2012=100),Brasil - Produção industrial por setores
2018-08-01,8897861,Brasil - Produção industrial - Ajustada sazonalmente,IBGE/SIDRA,8159,Ajustada sazonalmente,PIMPF - Número-índice com ajuste sazonal (2012=100),Brasil - Produção industrial por setores
2018-09-01,8659403,Brasil - Produção industrial - Ajustada sazonalmente,IBGE/SIDRA,8159,Ajustada sazonalmente,PIMPF - Número-índice com ajuste sazonal (2012=100),Brasil - Produção industrial por setores
2018-10-01,8765164,Brasil - Produção industrial - Ajustada sazonalmente,IBGE/SIDRA,8159,Ajustada sazonalmente,PIMPF - Número-índice com ajuste sazonal (2012=100),Brasil - Produção industrial por setores
2018-11-01,8756743,Brasil - Produção industrial - Ajustada sazonalmente,IBGE/SIDRA,8159,Ajustada sazonalmente,PIMPF - Número-índice com ajuste sazonal (2012=100),Brasil - Produção industrial por setores
2018-12-01,8778546,Brasil - Produção industrial - Ajustada sazonalmente,IBGE/SIDRA,8159,Ajustada sazonalmente,PIMPF - Número-índice com ajuste sazonal (2012=100),Brasil - Produção industrial por setores
2019-01-01,8722526,Brasil - Produção industrial - Ajustada sazonalmente,IBGE/SIDRA,8159,Ajustada sazonalmente,PIMPF - Número-índice com ajuste sazonal (2012=100),Brasil - Produção industrial por setores
2019-02-01,8741367,Brasil - Produção industrial - Ajustada sazonalmente,IBGE/SIDRA,8159,Ajustada sazonalmente,PIMPF - Número-índice com ajuste sazonal (2012=100),Brasil - Produção industrial por setores
2019-03-01,8707292,Brasil - Produção industrial - Ajustada sazonalmente,IBGE/SIDRA,8159,Ajustada sazonalmente,PIMPF - Número-índice com ajuste sazonal (2012=100),Brasil - Produção industrial por setores
2019-04-01,8737229,Brasil - Produção industrial - Ajustada sazonalmente,IBGE/SIDRA,8159,Ajustada sazonalmente,PIMPF - Número-índice com ajuste sazonal (2012=100),Brasil - Produção industrial por setores
2019-05-01,8725570,Brasil - Produção industrial - Ajustada sazonalmente,IBGE/SIDRA,8159,Ajustada sazonalmente,PIMPF - Número-índice com ajuste sazonal (2012=100),Brasil - Produção industrial por setores
2019-06-01,8656242,Brasil - Produção industrial - Ajustada sazonalmente,IBGE/SIDRA,8159,Ajustada sazonalmente,PIMPF - Número-índice com ajuste sazonal (2012=100),Brasil - Produção industrial por setores
2019-07-01,8593640,Brasil - Produção industrial - Ajustada sazonalmente,IBGE/SIDRA,8159,Ajustada sazonalmente,PIMPF - Número-índice com ajuste sazonal (2012=100),Brasil - Produção industrial por setores
2019-08-01,8685166,Brasil - Produção industrial - Ajustada sazonalmente,IBGE/SIDRA,8159,Ajustada sazonalmente,PIMPF - Número-índice com ajuste sazonal (2012=100),Brasil - Produção industrial por setores
2019-09-01,8685792,Brasil - Produção industrial - Ajustada sazonalmente,IBGE/SIDRA,8159,Ajustada sazonalmente,PIMPF - Número-índice com ajuste sazonal (2012=100),Brasil - Produção industrial por setores
2019-10-01,8872568,Brasil - Produção industrial - Ajustada sazonalmente,IBGE/SIDRA,8159,Ajustada sazonalmente,PIMPF - Número-índice com ajuste sazonal (2012=100),Brasil - Produção industrial por setores
2019-11-01,8680826,Brasil - Produção industrial - Ajustada sazonalmente,IBGE/SIDRA,8159,Ajustada sazonalmente,PIMPF - Número-índice com ajuste sazonal (2012=100),Brasil - Produção industrial por setores
2019-12-01,8604238,Brasil - Produção industrial - Ajustada sazonalmente,IBGE/SIDRA,8159,Ajustada sazonalmente,PIMPF - Número-índice com ajuste sazonal (2012=100),Brasil - Produção industrial por setores
2020-01-01,8713643,Brasil - Produção industrial - Ajustada sazonalmente,IBGE/SIDRA,8159,Ajustada sazonalmente,PIMPF - Número-índice com ajuste sazonal (2012=100),Brasil - Produção industrial por setores
2020-02-01,8751783,Brasil - Produção industrial - Ajustada sazonalmente,IBGE/SIDRA,8159,Ajustada sazonalmente,PIMPF - Número-índice com ajuste sazonal (2012=100),Brasil - Produção industrial por setores
2020-03-01,8052426,Brasil - Produção industrial - Ajustada sazonalmente,IBGE/SIDRA,8159,Ajustada sazonalmente,PIMPF - Número-índice com ajuste sazonal (2012=100),Brasil - Produção industrial por setores
2020-04-01,6473287,Brasil - Produção industrial - Ajustada sazonalmente,IBGE/SIDRA,8159,Ajustada sazonalmente,PIMPF - Número-índice com ajuste sazonal (2012=100),Brasil - Produção industrial por setores
2020-05-01,6980361,Brasil - Produção industrial - Ajustada sazonalmente,IBGE/SIDRA,8159,Ajustada sazonalmente,PIMPF - Número-índice com ajuste sazonal (2012=100),Brasil - Produção industrial por setores
2020-06-01,7671847,Brasil - Produção industrial - Ajustada sazonalmente,IBGE/SIDRA,8159,Ajustada sazonalmente,PIMPF - Número-índice com ajuste sazonal (2012=100),Brasil - Produção industrial por setores
2020-07-01,8358162,Brasil - Produção industrial - Ajustada sazonalmente,IBGE/SIDRA,8159,Ajustada sazonalmente,PIMPF - Número-índice com ajuste sazonal (2012=100),Brasil - Produção industrial por setores
2020-08-01,8622810,Brasil - Produção industrial - Ajustada sazonalmente,IBGE/SIDRA,8159,Ajustada sazonalmente,PIMPF - Número-índice com ajuste sazonal (2012=100),Brasil - Produção industrial por setores
2020-09-01,8861093,Brasil - Produção industrial - Ajustada sazonalmente,IBGE/SIDRA,8159,Ajustada sazonalmente,PIMPF - Número-índice com ajuste sazonal (2012=100),Brasil - Produção industrial por setores
2020-10-01,8981586,Brasil - Produção industrial - Ajustada sazonalmente,IBGE/SIDRA,8159,Ajustada sazonalmente,PIMPF - Número-índice com ajuste sazonal (2012=100),Brasil - Produção industrial por setores
2020-11-01,9029304,Brasil - Produção industrial - Ajustada sazonalmente,IBGE/SIDRA,8159,Ajustada sazonalmente,PIMPF - Número-índice com ajuste sazonal (2012=100),Brasil - Produção industrial por setores
2020-12-01,9043658,Brasil - Produção industrial - Ajustada sazonalmente,IBGE/SIDRA,8159,Ajustada sazonalmente,PIMPF - Número-índice com ajuste sazonal (2012=100),Brasil - Produção industrial por setores
2021-01-01,9133375,Brasil - Produção industrial - Ajustada sazonalmente,IBGE/SIDRA,8159,Ajustada sazonalmente,PIMPF - Número-índice com ajuste sazonal (2012=100),Brasil - Produção industrial por setores
2021-02-01,8954218,Brasil - Produção industrial - Ajustada sazonalmente,IBGE/SIDRA,8159,Ajustada sazonalmente,PIMPF - Número-índice com ajuste sazonal (2012=100),Brasil - Produção industrial por setores
2021-03-01,8731522,Brasil - Produção industrial - Ajustada sazonalmente,IBGE/SIDRA,8159,Ajustada sazonalmente,PIMPF - Número-índice com ajuste sazonal (2012=100),Brasil - Produção industrial por setores
2021-04-01,8582252,Brasil - Produção industrial - Ajustada sazonalmente,IBGE/SIDRA,8159,Ajustada sazonalmente,PIMPF - Número-índice com ajuste sazonal (2012=100),Brasil - Produção industrial por setores
2021-05-01,8675412,Brasil - Produção industrial - Ajustada sazonalmente,IBGE/SIDRA,8159,Ajustada sazonalmente,PIMPF - Número-índice com ajuste sazonal (2012=100),Brasil - Produção industrial por setores
2021-06-01,8651134,Brasil - Produção industrial - Ajustada sazonalmente,IBGE/SIDRA,8159,Ajustada sazonalmente,PIMPF - Número-índice com ajuste sazonal (2012=100),Brasil - Produção industrial por setores
2021-07-01,8502137,Brasil - Produção industrial - Ajustada sazonalmente,IBGE/SIDRA,8159,Ajustada sazonalmente,PIMPF - Número-índice com ajuste sazonal (2012=100),Brasil - Produção industrial por setores
2021-08-01,8497206,Brasil - Produção industrial - Ajustada sazonalmente,IBGE/SIDRA,8159,Ajustada sazonalmente,PIMPF - Número-índice com ajuste sazonal (2012=100),Brasil - Produção industrial por setores
2021-09-01,8486131,Brasil - Produção industrial - Ajustada sazonalmente,IBGE/SIDRA,8159,Ajustada sazonalmente,PIMPF - Número-índice com ajuste sazonal (2012=100),Brasil - Produção industrial por setores
2021-10-01,8434993,Brasil - Produção industrial - Ajustada sazonalmente,IBGE/SIDRA,8159,Ajustada sazonalmente,PIMPF - Número-índice com ajuste sazonal (2012=100),Brasil - Produção industrial por setores
2021-11-01,8444751,Brasil - Produção industrial - Ajustada sazonalmente,IBGE/SIDRA,8159,Ajustada sazonalmente,PIMPF - Número-índice com ajuste sazonal (2012=100),Brasil - Produção industrial por setores
2021-12-01,8657927,Brasil - Produção industrial - Ajustada sazonalmente,IBGE/SIDRA,8159,Ajustada sazonalmente,PIMPF - Número-índice com ajuste sazonal (2012=100),Brasil - Produção industrial por setores
2022-01-01,8506675,Brasil - Produção industrial - Ajustada sazonalmente,IBGE/SIDRA,8159,Ajustada sazonalmente,PIMPF - Número-índice com ajuste sazonal (2012=100),Brasil - Produção industrial por setores
2022-02-01,8560017,Brasil - Produção industrial - Ajustada sazonalmente,IBGE/SIDRA,8159,Ajustada sazonalmente,PIMPF - Número-índice com ajuste sazonal (2012=100),Brasil - Produção industrial por setores
2022-03-01,8609861,Brasil - Produção industrial - Ajustada sazonalmente,IBGE/SIDRA,8159,Ajustada sazonalmente,PIMPF - Número-índice com ajuste sazonal (2012=100),Brasil - Produção industrial por setores
2022-04-01,8620119,Brasil - Produção industrial - Ajustada sazonalmente,IBGE/SIDRA,8159,Ajustada sazonalmente,PIMPF - Número-índice com ajuste sazonal (2012=100),Brasil - Produção industrial por setores
2022-05-01,8650232,Brasil - Produção industrial - Ajustada sazonalmente,IBGE/SIDRA,8159,Ajustada sazonalmente,PIMPF - Número-índice com ajuste sazonal (2012=100),Brasil - Produção industrial por setores
2022-06-01,8614374,Brasil - Produção industrial - Ajustada sazonalmente,IBGE/SIDRA,8159,Ajustada sazonalmente,PIMPF - Número-índice com ajuste sazonal (2012=100),Brasil - Produção industrial por setores
2022-07-01,8658557,Brasil - Produção industrial - Ajustada sazonalmente,IBGE/SIDRA,8159,Ajustada sazonalmente,PIMPF - Número-índice com ajuste sazonal (2012=100),Brasil - Produção industrial por setores
2022-08-01,8603388,Brasil - Produção industrial - Ajustada sazonalmente,IBGE/SIDRA,8159,Ajustada sazonalmente,PIMPF - Número-índice com ajuste sazonal (2012=100),Brasil - Produção industrial por setores
2022-09-01,8543574,Brasil - Produção industrial - Ajustada sazonalmente,IBGE/SIDRA,8159,Ajustada sazonalmente,PIMPF - Número-índice com ajuste sazonal (2012=100),Brasil - Produção industrial por setores
2022-10-01,8567647,Brasil - Produção industrial - Ajustada sazonalmente,IBGE/SIDRA,8159,Ajustada sazonalmente,PIMPF - Número-índice com ajuste sazonal (2012=100),Brasil - Produção industrial por setores
2022-11-01,8559389,Brasil - Produção industrial - Ajustada sazonalmente,IBGE/SIDRA,8159,Ajustada sazonalmente,PIMPF - Número-índice com ajuste sazonal (2012=100),Brasil - Produção industrial por setores
2022-12-01,8561360,Brasil - Produção industrial - Ajustada sazonalmente,IBGE/SIDRA,8159,Ajustada sazonalmente,PIMPF - Número-índice com ajuste sazonal (2012=100),Brasil - Produção industrial por setores
